Area,Method,Pok√©mon,Min Level,Max Level
Route 101,Grass,Wurmple,2,5
Route 101,Grass,Poochyena,2,5
Route 101,Grass,Pidgey,2,5
Route 101,Grass,Blipbug,2,5
Route 101,Grass,Alolan-Meowth,2,5
Route 101,Grass,Bunnelby,2,5
Route 101,Grass,Chewtle,2,5
Route 101,Grass,Rolycoly,2,5
Route 101,Grass,Fomantis,2,5
Route 101,Grass,Sewaddle,2,5
Route 101,Grass,Vulpix,2,5
Route 101,Grass,Growlithe,2,5
Route 102,Grass,Rattata,3,5
Route 102,Grass,Surskit,3,5
Route 102,Grass,Lillipup,3,5
Route 102,Grass,Timburr,3,5
Route 102,Grass,Rookidee,3,5
Route 102,Grass,Phanpy,3,5
Route 102,Grass,Ralts,3,5
Route 102,Grass,Bounsweet,3,5
Route 102,Grass,Poliwag,3,5
Route 102,Grass,Joltik,3,5
Route 102,Grass,Alolan Vulpix,3,5
Route 102,Grass,Alolan Sandshrew,3,5
Route 103,Grass,Galar Zigzagoon,3,5
Route 103,Grass,Wooloo,3,5
Route 103,Grass,Wingull,3,5
Route 103,Grass,Rufflet,3,5
Route 103,Grass,Crabrawler,3,5
Route 103,Grass,Tangela,3,5
Route 103,Grass,Meowth-Galar,3,5
Route 103,Grass,Croagunk,3,5
Route 103,Grass,Oddish,3,5
Route 103,Grass,Snubbull,3,5
Route 103,Grass,Wattrel,3,5
Route 103,Grass,Scatterbug,3,5
Route 104,Grass,Starly,4,6
Route 104,Grass,Lotad,4,6
Route 104,Grass,Teddiursa,4,6
Route 104,Grass,Seedot,4,6
Route 104,Grass,Pidove,4,6
Route 104,Grass,Nickit,4,6
Route 104,Grass,Smoliv,4,6
Route 104,Grass,Gossifleur,4,6
Route 104,Grass,Krabby,4,6
Route 104,Grass,Lechonk,4,6
Route 104,Grass,Panpour,4,6
Route 104,Grass,Panpour,4,6
Route 110,Grass,Ponyta,19,23
Route 110,Grass,Blitzle,19,23
Route 110,Grass,Plusle,19,23
Route 110,Grass,Minun,19,23
Route 110,Grass,Pawmi,19,23
Route 110,Grass,Shinx,19,23
Route 110,Grass,Toxel,19,23
Route 110,Grass,Tynamo,19,23
Route 110,Grass,Electrike,19,23
Route 110,Grass,Fletchling,19,23
Route 110,Grass,Flabebe,19,23
Route 110,Grass,Axew,19,23
Route 111,Grass,Trapinch,30,35
Route 111,Grass,Cacnea,30,35
Route 111,Grass,Rockruff,30,35
Route 111,Grass,Greavard,30,35
Route 111,Grass,Stunfisk,30,35
Route 111,Grass,Golett,30,35
Route 111,Grass,Helioptile,30,35
Route 111,Grass,Klawf,30,35
Route 111,Grass,Baltoy,30,35
Route 111,Grass,Orthworm,30,35
Route 111,Grass,Gible,30,35
Route 111,Grass,Larvitar,30,35
Route 111,Rocksmash,Geodude Alola,30,35
Route 111,Rocksmash,Geodude Alola,30,35
Route 111,Rocksmash,Roggenrola,30,35
Route 111,Rocksmash,Roggenrola,30,35
Route 111,Rocksmash,Geodude Alola,30,35
Route 112,Grass,Numel,22,24
Route 112,Grass,Bellsprout,22,24
Route 112,Grass,Spearow,22,24
Route 112,Grass,Murkrow,22,24
Route 112,Grass,Houndour,22,24
Route 112,Grass,Pawniard,22,24
Route 112,Grass,Onix,22,24
Route 112,Grass,Farfetchd,22,24
Route 112,Grass,Sneasel Hisui,22,24
Route 112,Grass,Druddigon,22,24
Route 112,Grass,Deino,22,24
Route 112,Grass,Jangmo-O,22,24
Route 113,Grass,Spinda,23,25
Route 113,Grass,Tarountula,23,25
Route 113,Grass,Drifloon,23,25
Route 113,Grass,Snorunt,23,25
Route 113,Grass,Slakoth,23,25
Route 113,Grass,Stantler,23,25
Route 113,Grass,Venipede,23,25
Route 113,Grass,Cottonee,23,25
Route 113,Grass,Tropius,23,25
Route 113,Grass,Munchlax,23,25
Route 113,Grass,Frigibax,23,25
Route 113,Grass,Goomy,23,25
Route 114,Grass,Swablu,23,25
Route 114,Grass,Zangoose,23,25
Route 114,Grass,Seviper,23,25
Route 114,Grass,Tinkatink,23,25
Route 114,Grass,Sneasel,23,25
Route 114,Grass,Skarmory,23,25
Route 114,Grass,Vanillite,23,25
Route 114,Grass,Sunkern,23,25
Route 114,Grass,Hoppip,23,25
Route 114,Grass,Snover,23,25
Route 114,Grass,Tauros,23,25
Route 114,Grass,Tauros Combat,23,25
Route 114,Rocksmash,Corsola,23,25
Route 114,Rocksmash,Corsola,23,25
Route 114,Rocksmash,Stunfisk-Galar,23,25
Route 114,Rocksmash,Stunfisk-Galar,23,25
Route 114,Rocksmash,Stunfisk-Galar,23,25
Rustboro City,Grass,Shroomish,5,6
Rustboro City,Grass,Shroomish,5,6
Rustboro City,Grass,Shroomish,5,6
Rustboro City,Grass,Pidgey,5,6
Rustboro City,Grass,Pidgey,5,6
Rustboro City,Grass,Pidgey,5,6
Rustboro City,Grass,Meowth,5,6
Rustboro City,Grass,Meowth,5,6
Rustboro City,Grass,Meowth,5,6
Rustboro City,Grass,Meowth,5,6
Rustboro City,Grass,Pansear,5,6
Rustboro City,Grass,Pansear,5,6
Route 115,Grass,Hatenna,28,33
Route 115,Grass,Impidimp,28,33
Route 115,Grass,Dhelmise,28,33
Route 115,Grass,Komala,28,33
Route 115,Grass,Pyukumuku,28,33
Route 115,Grass,Sinistea,28,33
Route 115,Grass,Bouffalant,28,33
Route 115,Grass,Foongus,28,33
Route 115,Grass,Carnivine,28,33
Route 115,Grass,Burmy,28,33
Route 115,Grass,Nihilego,28,33
Route 115,Grass,Buzzwole,28,33
Route 116,Grass,Petilil,6,8
Route 116,Grass,Skorupi,6,8
Route 116,Grass,Nidoranm,6,8
Route 116,Grass,Nidoranf,6,8
Route 116,Grass,Magby,6,8
Route 116,Grass,Bidoof,6,8
Route 116,Grass,Nincada,6,8
Route 116,Grass,Skitty,6,8
Route 116,Grass,Vullaby,6,8
Route 116,Grass,Budew,6,8
Route 116,Grass,Abra,6,8
Route 116,Grass,Drowzee,6,8
Route 117,Grass,Mudbray,20,24
Route 117,Grass,Silicobra,20,24
Route 117,Grass,Machop,20,24
Route 117,Grass,Pinsir,20,24
Route 117,Grass,Heracross,20,24
Route 117,Grass,Scyther,20,24
Route 117,Grass,Cubone,20,24
Route 117,Grass,Yamask-Galar,20,24
Route 117,Grass,Volbeat,20,24
Route 117,Grass,Illumise,20,24
Route 117,Grass,Snom,20,24
Route 117,Grass,Larvesta,20,24
Route 118,Grass,Sentret,25,30
Route 118,Grass,Aipom,25,30
Route 118,Grass,Gulpin,25,30
Route 118,Grass,Maractus,25,30
Route 118,Grass,Deerling,25,30
Route 118,Grass,Spinarak,25,30
Route 118,Grass,Hawlucha,25,30
Route 118,Grass,Pikipek,25,30
Route 118,Grass,Cufant,25,30
Route 118,Grass,Miltank,25,30
Route 118,Grass,Gimmighoul,25,30
Route 118,Grass,Falinks,25,30
Route 119,Grass,Capsakid,30,35
Route 119,Grass,Growlithe-Hisui,30,35
Route 119,Grass,Ledyba,30,35
Route 119,Grass,Durant,30,35
Route 119,Grass,Combee,30,35
Route 119,Grass,Stonjourner,30,35
Route 119,Grass,Cutiefly,30,35
Route 119,Grass,Nymble,30,35
Route 119,Grass,Indeedee-Female,30,35
Route 119,Grass,Indeedee-Male,30,35
Route 119,Grass,Kartana,30,35
Route 119,Grass,Pheromosa,30,35
Route 120,Grass,Growlithe,35,40
Route 120,Grass,Skiddo,35,40
Route 120,Grass,Maschiff,35,40
Route 120,Grass,Buneary,35,40
Route 120,Grass,Absol,35,40
Route 120,Grass,Cherubi,35,40
Route 120,Grass,Milcery,35,40
Route 120,Grass,Glimmet,35,40
Route 120,Grass,Rellor,35,40
Route 120,Grass,Squakabilly,35,40
Route 120,Grass,Glameow,35,40
Route 120,Grass,Poltchageist,35,40
Route 121,Grass,Tandemaus,38,42
Route 121,Grass,Shroodle,38,42
Route 121,Grass,Bramblin,38,42
Route 121,Grass,Flittle,38,42
Route 121,Grass,Weezing,38,42
Route 121,Grass,Flaafy,38,42
Route 121,Grass,Pumpkaboo,38,42
Route 121,Grass,Klang,38,42
Route 121,Grass,Tauros,38,42
Route 121,Grass,Krokorok,38,42
Route 121,Grass,Blacephalon,38,42
Route 121,Grass,Xurkitree,38,42
Route 122,Grass,Sandshrew-Alola,40,42
Route 122,Grass,Dhelmise,40,42
Route 122,Grass,Gogoat,40,42
Route 122,Grass,Banette,40,42
Route 122,Grass,Persian-Alola,40,42
Route 122,Grass,Persian,40,42
Route 122,Grass,Hypno,40,42
Route 122,Grass,Sigilyph,40,42
Route 122,Grass,Cinccino,40,42
Route 122,Grass,Overqwil,40,42
Route 122,Grass,Zweilous,40,42
Route 122,Grass,Zweilous,40,42
Route 123,Grass,Toedscruel,40,42
Route 123,Grass,Pangoro,40,42
Route 123,Grass,Turtonator,40,42
Route 123,Grass,Parasect,40,42
Route 123,Grass,Arboliva,40,42
Route 123,Grass,Tangrowth,40,42
Route 123,Grass,Roselia,40,42
Route 123,Grass,Druddigon,40,42
Route 123,Grass,Ribombee,40,42
Route 123,Grass,Sliggoo-Hisui,40,42
Route 123,Grass,Sliggoo,40,42
Route 123,Grass,Iron Moth,40,42
Route 124,Grass,Palossand,42,47
Route 124,Grass,Fidough,42,47
Route 124,Grass,Hakamo-O,42,47
Route 124,Grass,Dragonair,42,47
Route 124,Grass,Sunflora,42,47
Route 124,Grass,Ninetales,42,47
Route 124,Grass,Grapploct,42,47
Route 124,Grass,Talonflame,42,47
Route 124,Grass,Eelektross,42,47
Route 124,Grass,Drampa,42,47
Route 124,Grass,Sandy Shocks,42,47
Route 124,Grass,Slither Wing,42,47
Route 107,Grass,Scyther,30,40
Route 107,Grass,Heracross,30,40
Route 107,Grass,Pinsir,30,40
Route 107,Grass,Cetitan,30,40
Route 107,Grass,Skarmory,30,40
Route 107,Grass,Stunfisk,30,40
Route 107,Grass,Stunfisk-Galar,30,40
Route 107,Grass,Spiritomb,30,40
Route 107,Grass,Lickitung,30,40
Route 107,Grass,Floette,30,40
Route 107,Grass,Dragonair,30,40
Route 107,Grass,Gabite,30,40
Route 109,Grass,Grafaiai,30,40
Route 109,Grass,Cherrim,30,40
Route 109,Grass,Skrelp,30,40
Route 109,Grass,Hippowdon,30,40
Route 109,Grass,Zoroark,30,40
Route 109,Grass,Zoroark-Hisui,30,40
Route 109,Grass,Trevenant,30,40
Route 109,Grass,Tinkattuff,30,40
Route 109,Grass,Ursaring,30,40
Route 109,Grass,Gliscor,30,40
Route 109,Grass,Shelgon,30,40
Route 109,Grass,Shelgon,30,40
Route 127,Grass,Drapion,42,47
Route 127,Grass,Gardevoir,42,47
Route 127,Grass,Gallade,42,47
Route 127,Grass,Jigglypuff,42,47
Route 127,Grass,Electabuzz,42,47
Route 127,Grass,Wobuffet,42,47
Route 127,Grass,Ferrothorn,42,47
Route 127,Grass,Araquanid,42,47
Route 127,Grass,Golisopod,42,47
Route 127,Grass,Jumpluff,42,47
Route 127,Grass,Iron Valiant,42,47
Route 127,Grass,Scream Tail,42,47
Route 128,Grass,Pangoro,45,50
Route 128,Grass,Flamigo,45,50
Route 128,Grass,Cyclizar,45,50
Route 128,Grass,Doublade,45,50
Route 128,Grass,Noivern,45,50
Route 128,Grass,Vileplume,45,50
Route 128,Grass,Bellosom,45,50
Route 128,Grass,Coalossal,45,50
Route 128,Grass,Drifblim,45,50
Route 128,Grass,Haxorus,45,50
Route 128,Grass,Nihilego,45,50
Route 128,Grass,Nihilego,45,50
Route 129,Grass,Breloom,45,50
Route 129,Grass,Kilowattrel,45,50
Route 129,Grass,Alakazam,45,50
Route 129,Grass,Gothitelle,45,50
Route 129,Grass,Dugtrio-Alola,45,50
Route 129,Grass,Bewear,45,50
Route 129,Grass,Girafarig,45,50
Route 129,Grass,Mandibuzz,45,50
Route 129,Grass,Braviary,45,50
Route 129,Grass,Braviary-Hisui,45,50
Route 129,Grass,Luxray,45,50
Route 129,Grass,Luxray,45,50
Evergrande City,Grass,Electivire,60,65
Evergrande City,Grass,Magmortar,60,65
Evergrande City,Grass,Lokix,60,65
Evergrande City,Grass,Lycanroc,60,65
Evergrande City,Grass,Avalugg,60,65
Evergrande City,Grass,Avalugg-Hisui,60,65
Evergrande City,Grass,Bisharp,60,65
Evergrande City,Grass,Excadrill,60,65
Evergrande City,Grass,Bronzong,60,65
Evergrande City,Grass,Dusknoir,60,65
Evergrande City,Grass,Magearna,60,65
Petalburg Woods,Dungeon,Caterpie,5,6
Petalburg Woods,Dungeon,Taillow,5,6
Petalburg Woods,Dungeon,Zigzagoon,5,6
Petalburg Woods,Dungeon,Exeggcute,5,6
Petalburg Woods,Dungeon,Hoothoot,5,6
Petalburg Woods,Dungeon,Weedle,5,6
Petalburg Woods,Dungeon,Skwovet,5,6
Petalburg Woods,Dungeon,Swinub,5,6
Petalburg Woods,Dungeon,Purrloin,5,6
Petalburg Woods,Dungeon,Toedscool,5,6
Petalburg Woods,Dungeon,Pansage,5,6
Petalburg Woods,Dungeon,Pansage,5,6
Rusturf Tunnel,Cave,Whismur,6,8
Rusturf Tunnel,Cave,Geodude,6,8
Rusturf Tunnel,Cave,Gastly,6,8
Rusturf Tunnel,Cave,Dwebble,6,8
Rusturf Tunnel,Cave,Bronzor,6,8
Rusturf Tunnel,Cave,Ekans,6,8
Rusturf Tunnel,Cave,Sandygast,6,8
Rusturf Tunnel,Cave,Sandshrew,6,8
Rusturf Tunnel,Cave,Mareep,6,8
Rusturf Tunnel,Cave,Magnemite,6,8
Rusturf Tunnel,Cave,Nacli,6,8
Rusturf Tunnel,Cave,Duskull,6,8
Granite Cave 1F,Cave,Diglett,12,17
Granite Cave 1F,Cave,Makuhita,12,17
Granite Cave 1F,Cave,Patrat,12,17
Granite Cave 1F,Cave,Dunsparce,12,17
Granite Cave 1F,Cave,Yungoos,12,17
Granite Cave 1F,Cave,Grubbin,12,17
Granite Cave 1F,Cave,Mienfoo,12,17
Granite Cave 1F,Cave,Koffing,12,17
Granite Cave 1F,Cave,Jigglypuff,12,17
Granite Cave 1F,Cave,Venonat,12,17
Granite Cave 1F,Cave,Hisuian Zorua,12,17
Granite Cave 1F,Cave,Hisuian Zorua,12,17
Granite Cave B1F,Cave,Scraggy,12,17
Granite Cave B1F,Cave,Aron,12,17
Granite Cave B1F,Cave,Gligar,12,17
Granite Cave B1F,Cave,Misdreavus,12,17
Granite Cave B1F,Cave,Woobat,12,17
Granite Cave B1F,Cave,Sandile,12,17
Granite Cave B1F,Cave,Farfetchd Galar,12,17
Granite Cave B1F,Cave,Meditite,12,17
Granite Cave B1F,Cave,Yamask,12,17
Granite Cave B1F,Cave,Diglett Alolan,12,17
Granite Cave B1F,Cave,Sableye,12,17
Granite Cave B1F,Cave,Shuppet,12,17
Granite Cave B2F,Cave,Mankey,12,17
Granite Cave B2F,Cave,Natu,12,17
Granite Cave B2F,Cave,Mawile,12,17
Granite Cave B2F,Cave,Zubat,12,17
Granite Cave B2F,Cave,Kricketot,12,17
Granite Cave B2F,Cave,Clefairy,12,17
Granite Cave B2F,Cave,Drilbur,12,17
Granite Cave B2F,Cave,Emolga,12,17
Granite Cave B2F,Cave,Hippopotas,12,17
Granite Cave B2F,Cave,Alolan Rattata,12,17
Granite Cave B2F,Cave,Zorua,12,17
Granite Cave B2F,Cave,Zorua,12,17
Granite Cave Steven,Cave,Pikachu,12,17
Granite Cave Steven,Cave,Sawk,12,17
Granite Cave Steven,Cave,Throh,12,17
Granite Cave Steven,Cave,Stufful,12,17
Granite Cave Steven,Cave,Spoink,12,17
Granite Cave Steven,Cave,Munna,12,17
Granite Cave Steven,Cave,Swirlix,12,17
Granite Cave Steven,Cave,Morelull,12,17
Granite Cave Steven,Cave,Smoochum,12,17
Granite Cave Steven,Cave,Paras,12,17
Granite Cave Steven,Cave,Beldum,12,17
Granite Cave Steven,Cave,Beldum,12,17
Fiery Path,Cave,Slugma,22,24
Fiery Path,Cave,Darumaka,22,24
Fiery Path,Cave,Galarian Ponyta,22,24
Fiery Path,Cave,Sizzlipede,22,24
Fiery Path,Cave,Salandit,22,24
Fiery Path,Cave,Litleo,22,24
Fiery Path,Cave,Tauros Blaze,22,24
Fiery Path,Cave,Stunky,22,24
Fiery Path,Cave,Torkoal,22,24
Fiery Path,Cave,Hisuian Growlithe,22,24
Fiery Path,Cave,Bagon,22,24
Fiery Path,Cave,Dreepy,22,24
Meteor Falls 1F-1R,Cave,Solrock,25,27
Meteor Falls 1F-1R,Cave,Lunatone,25,27
Meteor Falls 1F-1R,Cave,Pineco,25,27
Meteor Falls 1F-1R,Cave,Shuckle,25,27
Meteor Falls 1F-1R,Cave,Cetoddle,25,27
Meteor Falls 1F-1R,Cave,Pancham,25,27
Meteor Falls 1F-1R,Cave,Gothita,25,27
Meteor Falls 1F-1R,Cave,Morpeko,25,27
Meteor Falls 1F-1R,Cave,Eiscue,25,27
Meteor Falls 1F-1R,Cave,Minior,25,27
Meteor Falls 1F-1R,Cave,Cyclizar,25,27
Meteor Falls 1F-1R,Cave,Varoom,25,27
Meteor Falls 1F-2R,Cave,Cyclizar,25,27
Meteor Falls 1F-2R,Cave,Aerodactyl,25,27
Meteor Falls 1F-2R,Cave,Bombirdier,25,27
Meteor Falls 1F-2R,Cave,Aromatisse,25,27
Meteor Falls 1F-2R,Cave,Carbink,25,27
Meteor Falls 1F-2R,Cave,Absol,25,27
Meteor Falls 1F-2R,Cave,Rhydon,25,27
Meteor Falls 1F-2R,Cave,Lycanroc,25,27
Meteor Falls 1F-2R,Cave,Orthworm,25,27
Meteor Falls 1F-2R,Cave,Falinks,25,27
Meteor Falls 1F-2R,Cave,Jirachi,25,27
Meteor Falls 1F-2R,Cave,Jirachi,25,27
Meteor Falls B1F-1R,Cave,Cyclizar,50,55
Meteor Falls B1F-1R,Cave,Aerodactyl,50,55
Meteor Falls B1F-1R,Cave,Bombirdier,50,55
Meteor Falls B1F-1R,Cave,Aromatisse,50,55
Meteor Falls B1F-1R,Cave,Carbink,50,55
Meteor Falls B1F-1R,Cave,Absol,50,55
Meteor Falls B1F-1R,Cave,Rhydon,50,55
Meteor Falls B1F-1R,Cave,Lycanroc,50,55
Meteor Falls B1F-1R,Cave,Orthworm,50,55
Meteor Falls B1F-1R,Cave,Falinks,50,55
Meteor Falls B1F-1R,Cave,Jirachi,50,55
Meteor Falls B1F-1R,Cave,Jirachi,50,55
Meteor Falls B1F-2R,Cave,Dragonair,50,55
Meteor Falls B1F-2R,Cave,Pupitar,50,55
Meteor Falls B1F-2R,Cave,Shelgon,50,55
Meteor Falls B1F-2R,Cave,Gabite,50,55
Meteor Falls B1F-2R,Cave,Sliggoo-Hisui,50,55
Meteor Falls B1F-2R,Cave,Sliggoo,50,55
Meteor Falls B1F-2R,Cave,Zweilous,50,55
Meteor Falls B1F-2R,Cave,Hakamo-O,50,55
Meteor Falls B1F-2R,Cave,Drakloak,50,55
Meteor Falls B1F-2R,Cave,Arctibax,50,55
Meteor Falls B1F-2R,Cave,Jirachi,50,55
Meteor Falls B1F-2R,Cave,Jirachi,50,55
Jagged Pass,Cave,Doduo,25,27
Jagged Pass,Cave,Applin,25,27
Jagged Pass,Cave,Spiritomb,25,27
Jagged Pass,Cave,Electabuzz,25,27
Jagged Pass,Cave,Audino,25,27
Jagged Pass,Cave,Darumaka Galar,25,27
Jagged Pass,Cave,Solosis,25,27
Jagged Pass,Cave,Cubchoo,25,27
Jagged Pass,Cave,Honedge,25,27
Jagged Pass,Cave,Bonsly,25,27
Jagged Pass,Cave,Ferroseed,25,27
Jagged Pass,Cave,Heatmor,25,27
Mirage Tower 1F,Dungeon,Meowth,30,35
Mirage Tower 1F,Dungeon,Sigilyph,30,35
Mirage Tower 1F,Dungeon,Chingling,30,35
Mirage Tower 1F,Dungeon,Girafarig,30,35
Mirage Tower 1F,Dungeon,Stunfisk-Galar,30,35
Mirage Tower 1F,Dungeon,Spritzee,30,35
Mirage Tower 1F,Dungeon,Carbink,30,35
Mirage Tower 1F,Dungeon,Ditto,30,35
Mirage Tower 1F,Dungeon,Iron Bundle,30,35
Mirage Tower 1F,Dungeon,Brute Bonnet,30,35
Mirage Tower 1F,Dungeon,Iron Treads,30,35
Mirage Tower 2F,Dungeon,Great Tusk,30,35
Mirage Tower 2F,Dungeon,Lickitung,30,35
Mirage Tower 2F,Dungeon,Qwilfish-Hisuian,30,35
Mirage Tower 2F,Dungeon,Absol,30,35
Mirage Tower 2F,Dungeon,Elgyem,30,35
Mirage Tower 2F,Dungeon,Furfrou,30,35
Mirage Tower 2F,Dungeon,Pumpkaboo,30,35
Mirage Tower 2F,Dungeon,Bergmite,30,35
Mirage Tower 2F,Dungeon,Passimian,30,35
Mirage Tower 2F,Dungeon,Turtonator,30,35
Mirage Tower 2F,Dungeon,Flutter Mane,30,35
Mirage Tower 2F,Dungeon,Iron Hands,30,35
Mirage Tower 2F,Dungeon,Scream Tail,30,35
Mirage Tower 3F,Dungeon,Rhyhorn,30,35
Mirage Tower 3F,Dungeon,Wynaut,30,35
Mirage Tower 3F,Dungeon,Pachirisu,30,35
Mirage Tower 3F,Dungeon,Litwick,30,35
Mirage Tower 3F,Dungeon,Inkay,30,35
Mirage Tower 3F,Dungeon,Phantump,30,35
Mirage Tower 3F,Dungeon,Noibat,30,35
Mirage Tower 3F,Dungeon,Comfey,30,35
Mirage Tower 3F,Dungeon,Oranguru,30,35
Mirage Tower 3F,Dungeon,Iron Moth,30,35
Mirage Tower 3F,Dungeon,Iron Jugulis,30,35
Mirage Tower 3F,Dungeon,Slither Wing,30,35
Mirage Tower 4F,Dungeon,Kangaskhan,30,35
Mirage Tower 4F,Dungeon,Unown,30,35
Mirage Tower 4F,Dungeon,Klink,30,35
Mirage Tower 4F,Dungeon,Cryogonal,30,35
Mirage Tower 4F,Dungeon,Espurr,30,35
Mirage Tower 4F,Dungeon,Klefki,30,35
Mirage Tower 4F,Dungeon,Mimikyu,30,35
Mirage Tower 4F,Dungeon,Drampa,30,35
Mirage Tower 4F,Dungeon,Iron Valiant,30,35
Mirage Tower 4F,Dungeon,Sandy Shocks,30,35
Mirage Tower 4F,Dungeon,Iron Thorns,30,35
Mirage Tower 4F,Dungeon,Roaring Moon,30,35
Desert Underpass,Cave,Omanyte,30,32
Desert Underpass,Cave,Kabuto,30,32
Desert Underpass,Cave,Cranidos,30,32
Desert Underpass,Cave,Shieldon,30,32
Desert Underpass,Cave,Tirtouga,30,32
Desert Underpass,Cave,Archen,30,32
Desert Underpass,Cave,Tyrunt,30,32
Desert Underpass,Cave,Amaura,30,32
Desert Underpass,Cave,Arctozolt,30,32
Desert Underpass,Cave,Arctovish,30,32
Desert Underpass,Cave,Dracovish,30,32
Desert Underpass,Cave,Dracozolt,30,32
Island Cave,Cave,Bergmite,25,30
Island Cave,Cave,Snorunt,25,30
Island Cave,Cave,Darumaka-Galar,25,30
Ancient Tomb,Dungeon,Varoom,25,30
Ancient Tomb,Dungeon,Beldum,25,30
Ancient Tomb,Dungeon,Metang,25,30
Ancient Tomb,Dungeon,Pawniard,25,30
Desert Ruins,Dungeon,Rhyhorn,25,30
Desert Ruins,Dungeon,Axew,25,30
Desert Ruins,Dungeon,Drilbur,25,30
New Mauville,Dungeon,Voltorb,25,30
New Mauville,Dungeon,Voltorb-Hisuian,25,30
New Mauville,Dungeon,Yamper,25,30
New Mauville,Dungeon,Togedemaru,25,30
New Mauville,Dungeon,Dedenne,25,30
New Mauville,Dungeon,Minccino,25,30
New Mauville,Dungeon,Porygon,25,30
New Mauville,Dungeon,Trubbish,25,30
New Mauville,Dungeon,Pincurchin,25,30
New Mauville,Dungeon,Tadbulb,25,30
New Mauville,Dungeon,Rotom,25,30
New Mauville,Dungeon,Duraludon,25,30
Mt. Pyre 1F,Cave,Dreepy,35,40
Mt. Pyre 1F,Cave,Shuppet,35,40
Mt. Pyre 1F,Cave,Banette,35,40
Mt. Pyre 1F,Cave,Yamask,35,40
Mt. Pyre 1F,Cave,Yamask-Galar,35,40
Mt. Pyre 1F,Cave,Cofagrigus,35,40
Mt. Pyre 1F,Cave,Runerigus,35,40
Mt Pyre 2F,Cave,Yamask,35,40
Mt Pyre 2F,Cave,Yamask-Galar,35,40
Mt Pyre 2F,Cave,Cofagrigus,35,40
Mt Pyre 2F,Cave,Runerigus,35,40
Mt Pyre 2F,Cave,Haunter,35,40
Mt Pyre 2F,Cave,Haunter,35,40
Mt Pyre 2F,Cave,Zorua-Hisui,35,40
Mt Pyre 2F,Cave,Lampent,35,40
Mt Pyre 2F,Cave,Chandelure,35,40
Mt Pyre 2F,Cave,Marowak-Alola,35,40
Mt. Pyre 3F,Cave,Gimmighoul-R,35,40
Mt. Pyre 3F,Cave,Chingling,35,40
Mt. Pyre 3F,Cave,Golett,35,40
Mt. Pyre 3F,Cave,Inkay,35,40
Mt. Pyre 3F,Cave,Elgyem,35,40
Mt. Pyre 3F,Cave,Mimikyu,35,40
Mt. Pyre 3F,Cave,Flutter Mane,35,40
Mt. Pyre 3F,Cave,Brute Bonnet,35,40
Mt. Pyre 4F,Cave,Duosion,35,40
Mt. Pyre 4F,Cave,Scrafty,35,40
Mt. Pyre 4F,Cave,Zorua,35,40
Mt. Pyre 4F,Cave,Murkrow,35,40
Mt. Pyre 4F,Cave,Linoone-Galar,35,40
Mt. Pyre 4F,Cave,Spiritomb,35,40
Mt. Pyre 4F,Cave,Bisharp,35,40
Mt. Pyre 4F,Cave,Roaring Moon,35,40
Mt. Pyre 5F,Cave,Swoobat,35,40
Mt. Pyre 5F,Cave,Misdreavus,35,40
Mt. Pyre 5F,Cave,Noctowl,35,40
Mt. Pyre 5F,Cave,Raticate Alola,35,40
Mt. Pyre 5F,Cave,Grumpig,35,40
Mt. Pyre 5F,Cave,Rotom,35,40
Mt. Pyre 5F,Cave,Iron Jugulis,35,40
Mt. Pyre 6F,Cave,Sinistcha,35,40
Mt. Pyre 6F,Cave,Polteageist,35,40
Mt. Pyre 6F,Cave,Mabostiff,35,40
Mt. Pyre 6F,Cave,Bombirdier,35,40
Mt. Pyre 6F,Cave,Ceruledge,35,40
Mt. Pyre 6F,Cave,Armarouge,35,40
Mt. Pyre 6F,Cave,Pecharunt,35,40
Mt. Pyre Exterior,Cave,Marowak,35,40
Mt. Pyre Exterior,Cave,Golurk,35,40
Mt. Pyre Exterior,Cave,Pupitar,35,40
Mt. Pyre Exterior,Cave,Sableye,35,40
Mt. Pyre Exterior,Cave,Sneasel,35,40
Mt. Pyre Exterior,Cave,Weavile,35,40
Mt. Pyre Exterior,Cave,Pecharunt,35,40
Mt. Pyre Summit,Cave,Drifblim,35,40
Mt. Pyre Summit,Cave,Grimer Alola,35,40
Mt. Pyre Summit,Cave,Bramblin,35,40
Mt. Pyre Summit,Cave,Primeape,35,40
Mt. Pyre Summit,Cave,Gabite,35,40
Mt. Pyre Summit,Cave,Pecharunt,35,40
Magma Hideout 1F,Dungeon,Graveler,40,50
Magma Hideout 1F,Dungeon,Graveler-Alola,40,50
Magma Hideout 1F,Dungeon,Magmar,40,50
Magma Hideout 1F,Dungeon,Coalossal,40,50
Magma Hideout 1F,Dungeon,Heatmor,40,50
Magma Hideout 1F,Dungeon,Ceruledge,40,50
Magma Hideout 1F,Dungeon,Armarouge,40,50
Magma Hideout 1F,Dungeon,Chi-Yu,40,50
Magma Hideout 1F,Dungeon,Ting-Lu,40,50
Magma Hideout 2F-1R,Dungeon,Darmanitan,40,50
Magma Hideout 2F-1R,Dungeon,Krookodile,40,50
Magma Hideout 2F-1R,Dungeon,Chandelure,40,50
Magma Hideout 2F-1R,Dungeon,Steelix,40,50
Magma Hideout 2F-1R,Dungeon,Ceruledge,40,50
Magma Hideout 2F-1R,Dungeon,Armarouge,40,50
Magma Hideout 2F-1R,Dungeon,Chi-Yu,40,50
Magma Hideout 2F-1R,Dungeon,Ting-Lu,40,50
Magma Hideout 2F-2R,Dungeon,Darmanitan,40,50
Magma Hideout 2F-2R,Dungeon,Krookodile,40,50
Magma Hideout 2F-2R,Dungeon,Chandelure,40,50
Magma Hideout 2F-2R,Dungeon,Steelix,40,50
Magma Hideout 2F-2R,Dungeon,Ceruledge,40,50
Magma Hideout 2F-2R,Dungeon,Armarouge,40,50
Magma Hideout 2F-2R,Dungeon,Chi-Yu,40,50
Magma Hideout 2F-2R,Dungeon,Ting-Lu,40,50
Magma Hideout 2F-3R,Dungeon,Darmanitan,40,50
Magma Hideout 2F-3R,Dungeon,Krookodile,40,50
Magma Hideout 2F-3R,Dungeon,Chandelure,40,50
Magma Hideout 2F-3R,Dungeon,Steelix,40,50
Magma Hideout 2F-3R,Dungeon,Ceruledge,40,50
Magma Hideout 2F-3R,Dungeon,Armarouge,40,50
Magma Hideout 2F-3R,Dungeon,Chi-Yu,40,50
Magma Hideout 2F-3R,Dungeon,Ting-Lu,40,50
Magma Hideout 3F-1R,Dungeon,Houndoom,40,50
Magma Hideout 3F-1R,Dungeon,Arcanine,40,50
Magma Hideout 3F-1R,Dungeon,Arcanine-Hisui,40,50
Magma Hideout 3F-1R,Dungeon,Ninetales,40,50
Magma Hideout 3F-1R,Dungeon,Excadrill,40,50
Magma Hideout 3F-1R,Dungeon,Ceruledge,40,50
Magma Hideout 3F-1R,Dungeon,Armarouge,40,50
Magma Hideout 3F-1R,Dungeon,Chi-Yu,40,50
Magma Hideout 3F-1R,Dungeon,Ting-Lu,40,50
Magma Hideout 3F-2R,Dungeon,Houndoom,40,50
Magma Hideout 3F-2R,Dungeon,Arcanine,40,50
Magma Hideout 3F-2R,Dungeon,Arcanine-Hisui,40,50
Magma Hideout 3F-2R,Dungeon,Ninetales,40,50
Magma Hideout 3F-2R,Dungeon,Excadrill,40,50
Magma Hideout 3F-2R,Dungeon,Ceruledge,40,50
Magma Hideout 3F-2R,Dungeon,Armarouge,40,50
Magma Hideout 3F-2R,Dungeon,Chi-Yu,40,50
Magma Hideout 3F-2R,Dungeon,Ting-Lu,40,50
Magma Hideout 3F-3R,Dungeon,Houndoom,40,50
Magma Hideout 3F-3R,Dungeon,Arcanine,40,50
Magma Hideout 3F-3R,Dungeon,Arcanine-Hisui,40,50
Magma Hideout 3F-3R,Dungeon,Ninetales,40,50
Magma Hideout 3F-3R,Dungeon,Excadrill,40,50
Magma Hideout 3F-3R,Dungeon,Ceruledge,40,50
Magma Hideout 3F-3R,Dungeon,Armarouge,40,50
Magma Hideout 3F-3R,Dungeon,Chi-Yu,40,50
Magma Hideout 3F-3R,Dungeon,Ting-Lu,40,50
Magma Hideout 4F,Dungeon,Donphan,40,50
Magma Hideout 4F,Dungeon,Pupitar,40,50
Magma Hideout 4F,Dungeon,Garganacl,40,50
Magma Hideout 4F,Dungeon,Iron Thorns,40,50
Magma Hideout 4F,Dungeon,Iron Treads,40,50
Magma Hideout 4F,Dungeon,Great Tusk,40,50
Magma Hideout 4F,Dungeon,Ceruledge,40,50
Magma Hideout 4F,Dungeon,Armarouge,40,50
Magma Hideout 4F,Dungeon,Chi-Yu,40,50
Magma Hideout 4F,Dungeon,Ting-Lu,40,50
Seafloor Cavern 1R,Dungeon,Crobat,40,50
Seafloor Cavern 1R,Dungeon,Klawf,40,50
Seafloor Cavern 1R,Dungeon,Granbull,40,50
Seafloor Cavern 1R,Dungeon,Probopass,40,50
Seafloor Cavern 1R,Dungeon,Reuniclus,40,50
Seafloor Cavern 1R,Dungeon,Wo-Chien,40,50
Seafloor Cavern 1R,Dungeon,Chien-Pao,40,50
Seafloor Cavern 2R,Dungeon,Crobat,40,50
Seafloor Cavern 2R,Dungeon,Klawf,40,50
Seafloor Cavern 2R,Dungeon,Granbull,40,50
Seafloor Cavern 2R,Dungeon,Probopass,40,50
Seafloor Cavern 2R,Dungeon,Reuniclus,40,50
Seafloor Cavern 2R,Dungeon,Wo-Chien,40,50
Seafloor Cavern 2R,Dungeon,Chien-Pao,40,50
Seafloor Cavern 3R,Dungeon,Malamar,40,50
Seafloor Cavern 3R,Dungeon,Mamoswine,40,50
Seafloor Cavern 3R,Dungeon,Steenee,40,50
Seafloor Cavern 3R,Dungeon,Appletun,40,50
Seafloor Cavern 3R,Dungeon,Flapple,40,50
Seafloor Cavern 3R,Dungeon,Toxtricity,40,50
Seafloor Cavern 3R,Dungeon,Toxtricity-Low-Key,40,50
Seafloor Cavern 3R,Dungeon,Wo-Chien,40,50
Seafloor Cavern 3R,Dungeon,Chien-Pao,40,50
Seafloor Cavern 4R,Dungeon,Malamar,40,50
Seafloor Cavern 4R,Dungeon,Mamoswine,40,50
Seafloor Cavern 4R,Dungeon,Steenee,40,50
Seafloor Cavern 4R,Dungeon,Appletun,40,50
Seafloor Cavern 4R,Dungeon,Flapple,40,50
Seafloor Cavern 4R,Dungeon,Toxtricity,40,50
Seafloor Cavern 4R,Dungeon,Toxtricity-Low-Key,40,50
Seafloor Cavern 4R,Dungeon,Wo-Chien,40,50
Seafloor Cavern 4R,Dungeon,Chien-Pao,40,50
Seafloor Cavern 5R,Dungeon,Drednaw,40,50
Seafloor Cavern 5R,Dungeon,Glimmora,40,50
Seafloor Cavern 5R,Dungeon,Houndstone,40,50
Seafloor Cavern 5R,Dungeon,Stonjourner,40,50
Seafloor Cavern 5R,Dungeon,Iron Jugulis,40,50
Seafloor Cavern 5R,Dungeon,Brute Bonnet,40,50
Seafloor Cavern 5R,Dungeon,Iron Bundle,40,50
Seafloor Cavern 5R,Dungeon,Wo-Chien,40,50
Seafloor Cavern 5R,Dungeon,Chien-Pao,40,50
Seafloor Cavern 6R,Dungeon,Drednaw,40,50
Seafloor Cavern 6R,Dungeon,Poliwhirl,40,50
Seafloor Cavern 6R,Dungeon,Crawdaunt,40,50
Seafloor Cavern 6R,Dungeon,Barbaracle,40,50
Seafloor Cavern 6R,Dungeon,Hakamo-O,40,50
Seafloor Cavern 6R,Dungeon,Wo-Chien,40,50
Seafloor Cavern 6R,Dungeon,Chien-Pao,40,50
Seafloor Cavern 7R,Dungeon,Drednaw,40,50
Seafloor Cavern 7R,Dungeon,Poliwhirl,40,50
Seafloor Cavern 7R,Dungeon,Crawdaunt,40,50
Seafloor Cavern 7R,Dungeon,Barbaracle,40,50
Seafloor Cavern 7R,Dungeon,Hakamo-O,40,50
Seafloor Cavern 7R,Dungeon,Wo-Chien,40,50
Seafloor Cavern 7R,Dungeon,Chien-Pao,40,50
Seafloor Cavern 8R,Dungeon,Flamigo,40,50
Seafloor Cavern 8R,Dungeon,Munchlax,40,50
Seafloor Cavern 8R,Dungeon,Porygon,40,50
Seafloor Cavern 8R,Dungeon,Nidoking,40,50
Seafloor Cavern 8R,Dungeon,Nidoqueen,40,50
Seafloor Cavern 8R,Dungeon,Slither Wing,40,50
Seafloor Cavern 8R,Dungeon,Iron Hands,40,50
Seafloor Cavern 8R,Dungeon,Sandy Shocks,40,50
Seafloor Cavern 8R,Dungeon,Wo-Chien,40,50
Seafloor Cavern 8R,Dungeon,Chien-Pao,40,50
Shoal Cave Entrance,Cave,Great Tusk,50,60
Shoal Cave Entrance,Cave,Scream Tail,50,60
Shoal Cave Entrance,Cave,Brute Bonnet,50,60
Shoal Cave Entrance,Cave,Flutter Mane,50,60
Shoal Cave Entrance,Cave,Slither Wing,50,60
Shoal Cave Entrance,Cave,Sandy Shocks,50,60
Shoal Cave Entrance,Cave,Roaring Moon,50,60
Shoal Cave Entrance,Cave,Walking Wake,50,60
Shoal Cave Entrance,Cave,Gouging Fire,50,60
Shoal Cave Entrance,Cave,Raging Bolt,50,60
Shoal Cave Inner,Cave,Great Tusk,50,60
Shoal Cave Inner,Cave,Scream Tail,50,60
Shoal Cave Inner,Cave,Brute Bonnet,50,60
Shoal Cave Inner,Cave,Flutter Mane,50,60
Shoal Cave Inner,Cave,Slither Wing,50,60
Shoal Cave Inner,Cave,Sandy Shocks,50,60
Shoal Cave Inner,Cave,Roaring Moon,50,60
Shoal Cave Inner,Cave,Walking Wake,50,60
Shoal Cave Inner,Cave,Gouging Fire,50,60
Shoal Cave Inner,Cave,Raging Bolt,50,60
Shoal Cave Stairs,Cave,Iron Treads,50,60
Shoal Cave Stairs,Cave,Iron Bundle,50,60
Shoal Cave Stairs,Cave,Iron Hands,50,60
Shoal Cave Stairs,Cave,Iron Jugulis,50,60
Shoal Cave Stairs,Cave,Iron Moth,50,60
Shoal Cave Stairs,Cave,Iron Thorns,50,60
Shoal Cave Stairs,Cave,Iron Valiant,50,60
Shoal Cave Stairs,Cave,Iron Leaves,50,60
Shoal Cave Stairs,Cave,Iron Boulder,50,60
Shoal Cave Stairs,Cave,Iron Crown,50,60
Shoal Cave Lower,Cave,Iron Treads,50,60
Shoal Cave Lower,Cave,Iron Bundle,50,60
Shoal Cave Lower,Cave,Iron Hands,50,60
Shoal Cave Lower,Cave,Iron Jugulis,50,60
Shoal Cave Lower,Cave,Iron Moth,50,60
Shoal Cave Lower,Cave,Iron Thorns,50,60
Shoal Cave Lower,Cave,Iron Valiant,50,60
Shoal Cave Lower,Cave,Iron Leaves,50,60
Shoal Cave Lower,Cave,Iron Boulder,50,60
Shoal Cave Lower,Cave,Iron Crown,50,60
Shoal Cave Ice,Cave,Arctibax,50,60
Shoal Cave Ice,Cave,Froslass,50,60
Shoal Cave Ice,Cave,Lapras,50,60
Shoal Cave Ice,Cave,Darmanitan Galar,50,60
Shoal Cave Ice,Cave,Cryogonal,50,60
Shoal Cave Ice,Cave,Baxcalibur,50,60
Cave of Origin,Cave,Unown,60,65
Sky Pillar 1F,Dungeon,Drapion,60,65
Sky Pillar 1F,Dungeon,Noivern,60,65
Sky Pillar 1F,Dungeon,Gardevoir,60,65
Sky Pillar 1F,Dungeon,Drampa,60,65
Sky Pillar 1F,Dungeon,Zoroark-Hisui,60,65
Sky Pillar 1F,Dungeon,Zoroark,60,65
Sky Pillar 1F,Dungeon,Lucario,60,65
Sky Pillar 1F,Dungeon,Shaymin,60,65
Sky Pillar 3F,Dungeon,Skuntank,60,65
Sky Pillar 3F,Dungeon,Altaria,60,65
Sky Pillar 3F,Dungeon,Gallade,60,65
Sky Pillar 3F,Dungeon,Drampa,60,65
Sky Pillar 3F,Dungeon,Zoroark-Hisui,60,65
Sky Pillar 3F,Dungeon,Zoroark,60,65
Sky Pillar 3F,Dungeon,Lucario,60,65
Sky Pillar 3F,Dungeon,Shaymin,60,65
Sky Pillar 5F,Dungeon,Spiritomb,60,65
Sky Pillar 5F,Dungeon,Appletun,60,65
Sky Pillar 5F,Dungeon,Flapple,60,65
Sky Pillar 5F,Dungeon,Hatterene,60,65
Sky Pillar 5F,Dungeon,Drampa,60,65
Sky Pillar 5F,Dungeon,Zoroark-Hisui,60,65
Sky Pillar 5F,Dungeon,Zoroark,60,65
Sky Pillar 5F,Dungeon,Hydrapple,60,65
Sky Pillar 5F,Dungeon,Shaymin,60,65
Victory Road 1F,Cave,Aggron,60,65
Victory Road 1F,Cave,Machamp,60,65
Victory Road 1F,Cave,Slaking,60,65
Victory Road 1F,Cave,Houndoom,60,65
Victory Road 1F,Cave,Dragapult,60,65
Victory Road 1F,Cave,Diancie,60,65
Victory Road B1F,Cave,Steelix,60,65
Victory Road B1F,Cave,Conkeldurr,60,65
Victory Road B1F,Cave,Braviary,60,65
Victory Road B1F,Cave,Malamar,60,65
Victory Road B1F,Cave,Dragonite,60,65
Victory Road B1F,Cave,Diancie,60,65
Victory Road B1F,Rocksmash,Golem,60,65
Victory Road B1F,Rocksmash,Golem-Alola,60,65
Victory Road B2F,Cave,Revaroom,60,65
Victory Road B2F,Cave,Primeape,60,65
Victory Road B2F,Cave,Farigiraf,60,65
Victory Road B2F,Cave,Overqwil,60,65
Victory Road B2F,Cave,Salamence,60,65
Victory Road B2F,Cave,Diancie,60,65
Route 102,Old Rod,Marill,,
Route 102,Old Rod,Arrokuda,,
Route 102,Good Rod,Marill,,
Route 102,Good Rod,Arrokuda,,
Route 102,Good Rod,Shellos,,
Route 102,Super Rod,Azumarill,,
Route 102,Super Rod,Gastrodon,,
Route 102,Super Rod,Barraskewda,,
Route 102,Super Rod,Luvdisc,,
Route 102,Super Rod,Lapras,,
Route 102,Surfing,Horsea,,
Route 102,Surfing,Seadra,,
Route 103,Old Rod,Chinchou,,
Route 103,Old Rod,Mantyke,,
Route 103,Good Rod,Clauncher,,
Route 103,Good Rod,Remoraid,,
Route 103,Good Rod,Corsola,,
Route 103,Super Rod,Clamperl,,
Route 103,Super Rod,Bruxish,,
Route 103,Super Rod,Clawitzer,,
Route 103,Super Rod,Octillery,,
Petalburg City,Old Rod,Slowpoke,,
Petalburg City,Old Rod,Slowpoke-Galar,,
Petalburg City,Good Rod,Slowpoke,,
Petalburg City,Good Rod,Slowpoke-Galar,,
Petalburg City,Super Rod,Slowbro,,
Petalburg City,Super Rod,Slowbro-Galar,,
Petalburg City,Super Rod,Slowking,,
Petalburg City,Super Rod,Slowking-Galar,,
Petalburg City,Surfing,Cramorant,,
Petalburg City,Surfing,Pelipper,,
Route 104,Old Rod,Magikarp,,
Route 104,Old Rod,Corphish,,
Route 104,Good Rod,Clobbopus,,
Route 104,Good Rod,Qwilfish,,
Route 104,Good Rod,Binacle,,
Route 104,Super Rod,Crawdaunt,,
Route 104,Super Rod,Grapploct,,
Route 104,Super Rod,Qwilfish,,
Route 104,Super Rod,Barbaracle,,
Route 104,Super Rod,Gyradaos,,
Route 104,Surfing,Basculin,,
Route 104,Surfing,Basculin-Blue,,
Route 104,Surfing,Basculin-Red,,
Route 104,Surfing,Basculin-White,,
Route 104,Surfing,Basculin,,
Route 105,Old Rod,Clauncher,,
Route 105,Old Rod,Tentacool,,
Route 105,Good Rod,Clauncher,,
Route 105,Good Rod,Tentacool,,
Route 105,Super Rod,Clawitzer,,
Route 105,Super Rod,Tentacruel,,
Route 105,Surfing,Skrelp,,
Route 105,Surfing,Alomomola,,
Route 105,Surfing,Wishiwashi,,
Route 105,Surfing,Bruxish,,
Route 105,Surfing,Floatzel,,
Route 106,Old Rod,Ducklett,,
Route 106,Old Rod,Tentacool,,
Route 106,Good Rod,Tatsugiri,,
Route 106,Good Rod,Veluza,,
Route 106,Good Rod,Shellder,,
Route 106,Super Rod,Cloyster,,
Route 106,Super Rod,Tentacruel,,
Route 106,Super Rod,Swanna,,
Route 106,Super Rod,Cloyster,,
Route 106,Surfing,Finneon,,
Route 106,Surfing,Lumineon,,
Dewford Town,Old Rod,Staryu,,
Dewford Town,Old Rod,Corsola-Galar,,
Dewford Town,Good Rod,Staryu,,
Dewford Town,Good Rod,Corsola-Galar,,
Dewford Town,Good Rod,Starmie,,
Dewford Town,Super Rod,Starmie,,
Dewford Town,Super Rod,Cursola,,
Dewford Town,Super Rod,Bruxish,,
Dewford Town,Surfing,Poliwhirl,,
Dewford Town,Surfing,Frillish,,
Dewford Town,Surfing,Jellicent,,
Route 107,Old Rod,Buizel,,
Route 107,Old Rod,Mareanie,,
Route 107,Good Rod,Buizel,,
Route 107,Good Rod,Mareanie,,
Route 107,Good Rod,Carvanha,,
Route 107,Super Rod,Floatzel,,
Route 107,Super Rod,Toxapex,,
Route 107,Super Rod,Sharpedo,,
Route 107,Super Rod,Tauros-Aqua,,
Route 107,Surfing,Goldeen,,
Route 107,Surfing,Seaking,,
Route 108,Old Rod,Chinchou,,
Route 108,Old Rod,Barboach,,
Route 108,Good Rod,Chinchou,,
Route 108,Good Rod,Barboach,,
Route 108,Super Rod,Lanturn,,
Route 108,Super Rod,Whiscash,,
Route 108,Surfing,Magikarp,,
Route 108,Surfing,Gyradaos,,
Route 109,Old Rod,Wailmer,,
Route 109,Old Rod,Psyduck,,
Route 109,Good Rod,Wailmer,,
Route 109,Good Rod,Psyduck,,
Route 109,Good Rod,Barboach,,
Route 109,Super Rod,Whiscash,,
Route 109,Super Rod,Golduck,,
Route 109,Super Rod,Wailord,,
Route 109,Surfing,Relicanth,,
Route 109,Surfing,Dondozo,,
Route 109,Surfing,Poliwhirl,,
Route 109,Surfing,Wailord,,
Route 109,Surfing,Wishiwashi,,
Slateport City,Old Rod,Skrelp,,
Slateport City,Old Rod,Dewpider,,
Slateport City,Good Rod,Dewpider,,
Slateport City,Good Rod,Wimpod,,
Slateport City,Super Rod,Golisopod,,
Slateport City,Super Rod,Araqanid,,
Slateport City,Super Rod,Dragalgae,,
Slateport City,Surfing,Krabby,,
Slateport City,Surfing,Kingler,,
Route 110,Old Rod,Wooper-Paldean,,
Route 110,Old Rod,Wooper,,
Route 110,Good Rod,Wooper,,
Route 110,Good Rod,Wooper-Paldean,,
Route 110,Super Rod,Clodsire,,
Route 110,Super Rod,Quagsire,,
Route 110,Surfing,Pinchurchin,,
Route 110,Surfing,Chinchou,,
Route 110,Surfing,Lanturn,,
Route 111,Old Rod,Magikarp,,
Route 111,Old Rod,Grimer,,
Route 111,Good Rod,Magikarp,,
Route 111,Good Rod,Grimer Alolan,,
Route 111,Super Rod,Muk Alolan,,
Route 111,Super Rod,Muk,,
Route 111,Super Rod,Gyarados,,
Route 111,Surfing,Dratini,,
Route 111,Surfing,Dragonair,,
Route 114,Old Rod,Horsea,,
Route 114,Old Rod,Remoraid,,
Route 114,Good Rod,Horsea,,
Route 114,Good Rod,Remoraid,,
Route 114,Super Rod,Seadra,,
Route 114,Super Rod,Octillery,,
Route 114,Surfing,Yanma,,
Route 114,Surfing,Chatot,,
Route 114,Surfing,Flamigo,,
Meteor Falls 1F-1R,Old Rod,Karrablast,,
Meteor Falls 1F-1R,Old Rod,Shelmet,,
Meteor Falls 1F-1R,Good Rod,Karrablast,,
Meteor Falls 1F-1R,Good Rod,Shelmet,,
Meteor Falls 1F-1R,Super Rod,Veluza,,
Meteor Falls 1F-1R,Super Rod,Dondozo,,
Meteor Falls 1F-1R,Surfing,Bombirdier,,
Meteor Falls 1F-1R,Surfing,Oricorio,,
Meteor Falls 1F-2R,Old Rod,Karrablast,,
Meteor Falls 1F-2R,Old Rod,Shelmet,,
Meteor Falls 1F-2R,Good Rod,Karrablast,,
Meteor Falls 1F-2R,Good Rod,Shelmet,,
Meteor Falls 1F-2R,Super Rod,Veluza,,
Meteor Falls 1F-2R,Super Rod,Dondozo,,
Meteor Falls 1F-2R,Surfing,Bombirdier,,
Meteor Falls 1F-2R,Surfing,Oricorio,,
Meteor Falls B1F-1R,Old Rod,Karrablast,,
Meteor Falls B1F-1R,Old Rod,Shelmet,,
Meteor Falls B1F-1R,Good Rod,Karrablast,,
Meteor Falls B1F-1R,Good Rod,Shelmet,,
Meteor Falls B1F-1R,Super Rod,Veluza,,
Meteor Falls B1F-1R,Super Rod,Dondozo,,
Meteor Falls B1F-1R,Surfing,Bombirdier,,
Meteor Falls B1F-1R,Surfing,Oricorio,,
Meteor Falls B1F-2R,Old Rod,Karrablast,,
Meteor Falls B1F-2R,Old Rod,Shelmet,,
Meteor Falls B1F-2R,Good Rod,Karrablast,,
Meteor Falls B1F-2R,Good Rod,Shelmet,,
Meteor Falls B1F-2R,Super Rod,Veluza,,
Meteor Falls B1F-2R,Super Rod,Dondozo,,
Meteor Falls B1F-2R,Surfing,Bombirdier,,
Meteor Falls B1F-2R,Surfing,Oricorio,,
Meteor Falls Ship,Old Rod,Skrelp,,
Meteor Falls Ship,Old Rod,Tentacool,,
Meteor Falls Ship,Good Rod,Skrelp,,
Meteor Falls Ship,Good Rod,Tentacool,,
Meteor Falls Ship,Super Rod,Tentacool,,
Meteor Falls Ship,Super Rod,Dragalge,,
Meteor Falls Ship,Surfing,Tentacool,,
Meteor Falls Ship,Surfing,Skrelp,,
Meteor Falls Ship,Surfing,Tentacruel,,
Route 115,Old Rod,Spheal,,
Route 115,Old Rod,Seel,,
Route 115,Good Rod,Spheal,,
Route 115,Good Rod,Seel,,
Route 115,Good Rod,Sealeo,,
Route 115,Super Rod,Sealeo,,
Route 115,Super Rod,Dewgong,,
Route 115,Super Rod,Walrein,,
Route 115,Surfing,Chewtle,,
Route 115,Surfing,Drednaw,,
Route 117,Old Rod,Wiglett,,
Route 117,Old Rod,Finizen,,
Route 117,Good Rod,Wiglett,,
Route 117,Good Rod,Finizen,,
Route 117,Good Rod,Wugtrio,,
Route 117,Super Rod,Wugtrio,,
Route 117,Super Rod,Palafin,,
Route 117,Super Rod,Feebas,,
Route 117,Surfing,Masquerain,,
Route 117,Surfing,Mantine,,
Route 117,Surfing,Cramorant,,
Route 118,Old Rod,Magikarp,,
Route 118,Old Rod,Tympole,,
Route 118,Good Rod,Tympole,,
Route 118,Good Rod,Magikarp,,
Route 118,Good Rod,Palpitoad,,
Route 118,Super Rod,Gyarados,,
Route 118,Super Rod,Seismatoad,,
Route 118,Surfing,Wingull,,
Route 118,Surfing,Pelipper,,
Route 119,Old Rod,Azuril,,
Route 119,Old Rod,Marill,,
Route 119,Good Rod,Marill,,
Route 119,Good Rod,Azumarill,,
Route 119,Super Rod,Azumarill,,
Route 119,Surfing,Alomomola,,
Route 119,Surfing,Feebas,,
Route 120,Old Rod,Ducklett,,
Route 120,Old Rod,Arrokuda,,
Route 120,Good Rod,Ducklett,,
Route 120,Good Rod,Arrokuda,,
Route 120,Super Rod,Swanna,,
Route 120,Super Rod,Barraskewda,,
Route 120,Super Rod,Basculin,,
Route 120,Surfing,Finneon,,
Route 120,Surfing,Lumineon,,
Route 120,Surfing,Qwilfish,,
Route 121,Old Rod,Slowpoke,,
Route 121,Old Rod,Slowpoke-Galar,,
Route 121,Good Rod,Slowpoke,,
Route 121,Good Rod,Slowpoke-Galar,,
Route 121,Super Rod,Slowbro,,
Route 121,Super Rod,Slowbro-Galar,,
Route 121,Super Rod,Slowking,,
Route 121,Super Rod,Slowking-Galar,,
Route 121,Surfing,Frillish,,
Route 121,Surfing,Jellicent,,
Route 122,Old Rod,Carvanha,,
Route 122,Old Rod,Grimer-Alola,,
Route 122,Good Rod,Carvanha,,
Route 122,Good Rod,Grimer-Alola,,
Route 122,Super Rod,Sharpedo,,
Route 122,Super Rod,Muk Alola,,
Route 122,Surfing,Krabby,,
Route 122,Surfing,Kingler,,
Route 123,Old Rod,Staryu,,
Route 123,Old Rod,Wooper-Paldean,,
Route 123,Good Rod,Staryu,,
Route 123,Good Rod,Wooper-Paldean,,
Route 123,Super Rod,Starmie,,
Route 123,Super Rod,Clodsire,,
Route 123,Surfing,Surskit,,
Route 123,Surfing,Masquerain,,
Lilycove City,Old Rod,Arrokuda,,
Lilycove City,Old Rod,Tympole,,
Lilycove City,Good Rod,Tympole,,
Lilycove City,Good Rod,Arrokuda,,
Lilycove City,Good Rod,Palpitoad,,
Lilycove City,Super Rod,Palpitoad,,
Lilycove City,Super Rod,Barraskewda,,
Lilycove City,Super Rod,Seismatoad,,
Lilycove City,Surfing,Wailmer,,
Lilycove City,Surfing,Tatsugiri,,
Lilycove City,Surfing,Wailord,,
Route 124,Old Rod,Mareanie,,
Route 124,Old Rod,Shellos,,
Route 124,Good Rod,Shellos,,
Route 124,Good Rod,Mareanie,,
Route 124,Super Rod,Gastrodon,,
Route 124,Super Rod,Toxapex,,
Route 124,Surfing,Binacle,,
Route 124,Surfing,Corphish,,
Route 124,Surfing,Clobbopus,,
Route 124,Surfing,Barbaracle,,
Route 124,Surfing,Crawdaunt,,
Mossdeep City,Old Rod,Corphish,,
Mossdeep City,Old Rod,Clauncher,,
Mossdeep City,Good Rod,Corphish,,
Mossdeep City,Good Rod,Clauncher,,
Mossdeep City,Good Rod,Clawitzer,,
Mossdeep City,Super Rod,Clawitzer,,
Mossdeep City,Super Rod,Crawdaunt,,
Mossdeep City,Surfing,Wingull,,
Mossdeep City,Surfing,Remoraid,,
Mossdeep City,Surfing,Octillery,,
Mossdeep City,Surfing,Pelipper,,
Route 125,Old Rod,Seel,,
Route 125,Old Rod,Spheal,,
Route 125,Good Rod,Seel,,
Route 125,Good Rod,Spheal,,
Route 125,Good Rod,Sealeo,,
Route 125,Super Rod,Sealeo,,
Route 125,Super Rod,Dewgong,,
Route 125,Super Rod,Walrein,,
Route 125,Surfing,Shellder,,
Route 125,Surfing,Cloyster,,
Route 125,Surfing,Lapras,,
Shoal Cave,Old Rod,Relicanth,,
Shoal Cave,Good Rod,Relicanth,,
Shoal Cave,Super Rod,Relicanth,,
Shoal Cave,Surfing,Relicanth,,
Route 126,Old Rod,Magikarp,,
Route 126,Old Rod,Tentacool,,
Route 126,Good Rod,Magikarp,,
Route 126,Good Rod,Tentacool,,
Route 126,Good Rod,Wailmer,,
Route 126,Super Rod,Tentacruel,,
Route 126,Super Rod,Gyarados,,
Route 126,Super Rod,Wailord,,
Route 126,Surfing,Luvdisc,,
Route 126,Surfing,Mantyke,,
Route 126,Surfing,Mantine,,
Route 127,Old Rod,Buizel,,
Route 127,Old Rod,Finneon,,
Route 127,Good Rod,Buizel,,
Route 127,Good Rod,Finneon,,
Route 127,Super Rod,Floatzel,,
Route 127,Super Rod,Lumineon,,
Route 127,Surfing,Corsola,,
Route 127,Surfing,Veluza,,
Route 127,Surfing,Bruxish,,
Route 128,Old Rod,Binacle,,
Route 128,Old Rod,Basculin,,
Route 128,Good Rod,Basculin,,
Route 128,Good Rod,Binacle,,
Route 128,Super Rod,Barbaracle,,
Route 128,Super Rod,Basculegion,,
Route 128,Super Rod,Basculin,,
Route 128,Surfing,Staryu,,
Route 128,Surfing,Marill,,
Route 128,Surfing,Azumarill,,
Route 128,Surfing,Starmie,,
Route 129,Old Rod,Krabby,,
Route 129,Old Rod,Goldeen,,
Route 129,Good Rod,Krabby,,
Route 129,Good Rod,Goldeen,,
Route 129,Good Rod,Seaking,,
Route 129,Super Rod,Seaking,,
Route 129,Super Rod,Kingler,,
Route 129,Surfing,Psyduck,,
Route 129,Surfing,Finizen,,
Route 129,Surfing,Golduck,,
Route 129,Surfing,Palafin,,
Route 129,Surfing,Iron Bundle,,
Evergrande City,Old Rod,Skrelp,,
Evergrande City,Old Rod,Qwilfish-Hisui,,
Evergrande City,Good Rod,Skrelp,,
Evergrande City,Good Rod,Qwilfish-Hisui,,
Evergrande City,Super Rod,Qwilfish-Hisui,,
Evergrande City,Super Rod,Overqwil,,
Evergrande City,Super Rod,Dragalge,,
Evergrande City,Surfing,Skrelp,,
Evergrande City,Surfing,Chewtle,,
Evergrande City,Surfing,Drednaw,,
Route 130,Old Rod,Psyduck,,
Route 130,Old Rod,Carvanha,,
Route 130,Good Rod,Psyduck,,
Route 130,Good Rod,Carvanha,,
Route 130,Super Rod,Sharpedo,,
Route 130,Super Rod,Golduck,,
Route 130,Super Rod,Phione,,
Route 130,Surfing,Ducklett,,
Route 130,Surfing,Poliwag,,
Route 130,Surfing,Swanna,,
Route 131,Old Rod,Frillish,,
Route 131,Old Rod,Pincurchin,,
Route 131,Good Rod,Frillish,,
Route 131,Good Rod,Pincurchin,,
Route 131,Good Rod,Pincurchin,,
Route 131,Super Rod,Jellicent,,
Route 131,Super Rod,Jellicent,,
Route 131,Super Rod,Jellicent,,
Route 131,Super Rod,Wishiwashi,,
Route 131,Super Rod,Phione,,
Route 131,Surfing,Shellos,,
Route 131,Surfing,Wingull,,
Route 131,Surfing,Wingull,,
Route 131,Surfing,Pelipper,,
Route 131,Surfing,Pelipper,,
Pacifidlog Town,Old Rod,Lotad,,
Pacifidlog Town,Old Rod,Horsea,,
Pacifidlog Town,Good Rod,Lotad,,
Pacifidlog Town,Good Rod,Horsea,,
Pacifidlog Town,Good Rod,Lombre,,
Pacifidlog Town,Super Rod,Seadra,,
Pacifidlog Town,Super Rod,Ludicolo,,
Pacifidlog Town,Super Rod,Kingdra,,
Pacifidlog Town,Surfing,Dewpider,,
Pacifidlog Town,Surfing,Wimpod,,
Pacifidlog Town,Surfing,Golisopod,,
Pacifidlog Town,Surfing,Araquanid,,
Victory Road,Old Rod,Tympole,,
Victory Road,Old Rod,Wimpod,,
Victory Road,Good Rod,Tympole,,
Victory Road,Good Rod,Wimpod,,
Victory Road,Good Rod,Palpitoad,,
Victory Road,Super Rod,Palpitoad,,
Victory Road,Super Rod,Golisopod,,
Victory Road,Super Rod,Seismitoad,,
Victory Road,Surfing,Crobat,,
Victory Road,Surfing,Braviary-Hisui,,
Route 132,Old Rod,Magikarp,,
Route 132,Old Rod,Mareanie,,
Route 132,Good Rod,Mareanie,,
Route 132,Good Rod,Qwilfish,,
Route 132,Super Rod,Gyarados,,
Route 132,Super Rod,Toxapex,,
Route 132,Super Rod,Manaphy,,
Route 132,Surfing,Pidgey,,
Route 132,Surfing,Surskit,,
Route 132,Surfing,Masquerain,,
Route 132,Surfing,Pidgeotto,,
Route 133,Old Rod,Wailmer,,
Route 133,Old Rod,Barboach,,
Route 133,Good Rod,Barboach,,
Route 133,Good Rod,Wailmer,,
Route 133,Good Rod,Whiscash,,
Route 133,Super Rod,Whiscash,,
Route 133,Super Rod,Wailord,,
Route 133,Super Rod,Manaphy,,
Route 133,Surfing,Buizel,,
Route 133,Surfing,Finizen,,
Route 133,Surfing,Floatzel,,
Route 134,Old Rod,Horsea,,
Route 134,Old Rod,Corphish,,
Route 134,Good Rod,Horsea,,
Route 134,Good Rod,Corphish,,
Route 134,Good Rod,Seadra,,
Route 134,Super Rod,Crawdaunt,,
Route 134,Super Rod,Seadra,,
Route 134,Super Rod,Kingdra,,
Route 134,Surfing,Tentacool,,
Route 134,Surfing,Wingull,,
Route 134,Surfing,Tentacruel,,
Sootopolis City,Old Rod,Magikarp,,
Sootopolis City,Good Rod,Magikarp,,
Sootopolis City,Super Rod,Magikarp,,
Sootopolis City,Surfing,Magikarp,,
Seafloor Cavern,Old Rod,Spheal,,
Seafloor Cavern,Old Rod,Corsola-Galar,,
Seafloor Cavern,Good Rod,Spheal,,
Seafloor Cavern,Good Rod,Corsola-Galar,,
Seafloor Cavern,Super Rod,Sealeo,,
Seafloor Cavern,Super Rod,Walrein,,
Seafloor Cavern,Super Rod,Cursola,,
Seafloor Cavern,Surfing,Carvanha,,
Seafloor Cavern,Surfing,Clamperl,,
Seafloor Cavern,Surfing,Sharpedo,,
Seafloor Cavern,Surfing,Huntail,,
Seafloor Cavern,Surfing,Gorebyss,,
Grassy Slab,Surfing,Noibat,,
Grassy Slab,Surfing,Horsea,,
Grassy Slab,Surfing,Seadra,,
Grassy Slab,Surfing,Noivern,,
Rocky Slab,Surfing,Woobat,,
Rocky Slab,Surfing,Bruxish,,
Rocky Slab,Surfing,Swoobat,,
Scorched Slab,Surfing,Zubat,,
Scorched Slab,Surfing,Yanma,,
Scorched Slab,Surfing,Yanmega,,
Scorched Slab,Surfing,Golbat,,
Floating Slab,Surfing,Mantyke,,
Floating Slab,Surfing,Pincurchun,,
Floating Slab,Surfing,Mantine,,
Route 124 Underwater,Surfing,Clamperl,,
Route 124 Underwater,Surfing,Huntail,,
Route 124 Underwater,Surfing,Gorebyss,,
Route 126 Underwater,Surfing,Chinchou,,
Route 126 Underwater,Surfing,Lanturn,,
Route 126 Underwater,Surfing,Relicanth,,
Rustboro City,Egg,Togepi,,
Route 111,Egg,Riolu,,
Fallarbour Town,Egg,Bulbasaur,,
Fallarbour Town,Egg,Charmander,,
Fallarbour Town,Egg,Squirtle,,
Fallarbour Town,Egg,Chikorita,,
Fallarbour Town,Egg,Cyndaquil,,
Fallarbour Town,Egg,Totodile,,
Fallarbour Town,Egg,Treecko,,
Fallarbour Town,Egg,Torchic,,
Fallarbour Town,Egg,Mudkip,,
Fallarbour Town,Egg,Turtwig,,
Fallarbour Town,Egg,Chimchar,,
Fallarbour Town,Egg,Piplup,,
Fallarbour Town,Egg,Snivy,,
Fallarbour Town,Egg,Tepig,,
Fallarbour Town,Egg,Oshawott,,
Fallarbour Town,Egg,Chespin,,
Fallarbour Town,Egg,Fennekin,,
Fallarbour Town,Egg,Froakie,,
Fallarbour Town,Egg,Rowlet,,
Fallarbour Town,Egg,Litten,,
Fallarbour Town,Egg,Popplio,,
Fallarbour Town,Egg,Grookey,,
Fallarbour Town,Egg,Scorbunny,,
Fallarbour Town,Egg,Sobble,,
Fallarbour Town,Egg,Sprigatito,,
Fallarbour Town,Egg,Fuecoco,,
Fallarbour Town,Egg,Quaxly,,
Lavaridge Town,Egg,Eevee,,
Lilycove City,Egg,Type-Null,,
Route 109,Gift,Charcadet,,
Route 111,Gift,Tyrogue,,
Route 121,Gift,Meltan,,
Mossdeep City,Gift,Celebi,,
Mossdeep City,Gift,Darkrai,,
Mossdeep City,Gift,Victini,,
Sootopolis City,Gift,Genesect,,
Sootopolis City,Gift,Ditto,,
Sootopolis City,Gift,Hoopa,,
Sootopolis City,Gift,Meloetta,,
Sootopolis City,Gift,Marshadow,,
Sootopolis City,Gift,Zarude,,
Evergrande City,Gift,Zeraora,,
Evergrande City,Gift,Kubfu,,
Rustboro City,Trade,Mime Jr.,,
Fortree City,Trade,Fidough,,
Pacifidlog Town,Trade,Iron Bundle,,
Safari Southwest,Grass,Delibird,40,45
Safari Southwest,Grass,Smeargle,40,45
Safari Southwest,Grass,Mr Mime Galarian,40,45
Safari Southwest,Grass,Mr Mime,40,45
Safari Southwest,Grass,Arcanine,40,45
Safari Southwest,Grass,Arcanine Hisui,40,45
Safari Southwest,Grass,Magmar,40,45
Safari Southwest,Grass,Ursaring,40,45
Safari Southwest,Grass,Passimian,40,45
Safari Southwest,Grass,Lilligant Hisui,40,45
Safari Southwest,Grass,Guzzlord,40,45
Safari Southwest,Grass,Munkidori,40,45
Safari South,Grass,Lickitung,40,45
Safari South,Grass,Tauros,40,45
Safari South,Grass,Tauros-Combat,40,45
Safari South,Grass,Tauros-Aqua,40,45
Safari South,Grass,Tauros-Blaze,40,45
Safari South,Grass,Igglybuff,40,45
Safari South,Grass,Cleffa,40,45
Safari South,Grass,Pichu,40,45
Safari South,Grass,Happiny,40,45
Safari South,Grass,Chansey,40,45
Safari South,Grass,Elekid,40,45
Safari South,Grass,Poipole,40,45
Safari Southeast,Grass,Gliscor,40,45
Safari Southeast,Grass,Morgrem,40,45
Safari Southeast,Grass,Kilowattrel,40,45
Safari Southeast,Grass,Fraxure,40,45
Safari Southeast,Grass,Kadabra,40,45
Safari Southeast,Grass,Gimmighoul,40,45
Safari Southeast,Grass,Ninetales,40,45
Safari Southeast,Grass,Ninetales Alola,40,45
Safari Southeast,Grass,Exeggutor,40,45
Safari Southeast,Grass,Exeggutor Alola,40,45
Safari Southeast,Grass,Celesteela,40,45
Safari Southeast,Grass,Stakataka,40,45
Safari Northwest,Grass,Heatmor,40,45
Safari Northwest,Grass,Naclstack,40,45
Safari Northwest,Grass,Nosepass,40,45
Safari Northwest,Grass,Cyclizar,40,45
Safari Northwest,Grass,Piloswine,40,45
Safari Northwest,Grass,Farfetchd Galar,40,45
Safari Northwest,Grass,Ferrothorn,40,45
Safari Northwest,Grass,Oranguru,40,45
Safari Northwest,Grass,Vullaby,40,45
Safari Northwest,Grass,Amoonguss,40,45
Safari Northwest,Grass,Ogerpon,40,45
Safari Northwest,Grass,Ogerpon,40,45
Safari North,Grass,Donphan,40,45
Safari North,Grass,Noivern,40,45
Safari North,Grass,Beartic,40,45
Safari North,Grass,Mienshao,40,45
Safari North,Grass,Shiinotic,40,45
Safari North,Grass,Toedscruel,40,45
Safari North,Grass,Gothorita,40,45
Safari North,Grass,Lilligant,40,45
Safari North,Grass,Togetic,40,45
Safari North,Grass,Snorlax,40,45
Safari North,Grass,Duraldon,40,45
Safari North,Grass,Okidogi,40,45
Safari North,Rocksmash,Geodude Alolan,40,45
Safari North,Rocksmash,Graveler Alolan,40,45
Safari Northeast,Grass,Ambipom,40,45
Safari Northeast,Grass,Darmanitan,40,45
Safari Northeast,Grass,Darmanitan-Galar,40,45
Safari Northeast,Grass,Avalugg,40,45
Safari Northeast,Grass,Avalugg-Hisui,40,45
Safari Northeast,Grass,Lairon,40,45
Safari Northeast,Grass,Boldore,40,45
Safari Northeast,Grass,Varoom,40,45
Safari Northeast,Grass,Houndoom,40,45
Safari Northeast,Grass,Drednaw,40,45
Safari Northeast,Grass,Shelgon,40,45
Safari Northeast,Grass,Fezandipiti,40,45
Safari Northeast,Rocksmash,Bonsly,40,45
Safari Northeast,Rocksmash,Shuckle,40,45
Safai Southwest,Old Rod,Lotad,40,45
Safai Southwest,Old Rod,Mantyke,40,45
Safai Southwest,Good Rod,Lotad,40,45
Safai Southwest,Good Rod,Mantyke,40,45
Safai Southwest,Super Rod,Lombre,40,45
Safai Southwest,Super Rod,Mantine,40,45
Safai Southwest,Super Rod,Ludicolo,40,45
Safai Southwest,Surfing,Psyduck,40,45
Safai Southwest,Surfing,Golduck,40,45
Safari Southeast,Old Rod,Staryu,40,45
Safari Southeast,Old Rod,Corsola-Galar,40,45
Safari Southeast,Good Rod,Staryu,40,45
Safari Southeast,Good Rod,Corsola-Galar,40,45
Safari Southeast,Good Rod,Starmie,40,45
Safari Southeast,Super Rod,Starmie,40,45
Safari Southeast,Super Rod,Cursola,40,45
Safari Southeast,Surfing,Relicanth,40,45
Safari Southeast,Surfing,Dondozo,40,45
Safari Southeast,Surfing,Poliwhirl,40,45
Safari Southeast,Surfing,Wailord,40,45
Safari Southeast,Surfing,Wishiwashi,40,45
Safari Northwest,Old Rod,Wiglett,40,45
Safari Northwest,Old Rod,Finizen,40,45
Safari Northwest,Good Rod,Wiglett,40,45
Safari Northwest,Good Rod,Finizen,40,45
Safari Northwest,Good Rod,Wugtrio,40,45
Safari Northwest,Super Rod,Wugtrio,40,45
Safari Northwest,Super Rod,Finizen,40,45
Safari Northwest,Surfing,Feebas,40,45
Safari Northwest,Surfing,Alomomola,40,45