Number,Name,FullName,Form,Type 1,Type 2,HP,Attack,Defense,Sp.Attack,Sp.Defense,Speed
1,Bulbasaur,Bulbasaur,,Grass,Poison,45,49,49,65,65,45
2,Ivysaur,Ivysaur,,Grass,Poison,60,62,63,80,80,60
3,Venusaur,Venusaur,,Grass,Poison,80,82,83,100,100,80
3,Venusaur,Venusaur-Mega,Mega,Grass,Poison,80,100,123,122,120,80
4,Charmander,Charmander,,Fire,,39,52,43,60,50,65
5,Charmeleon,Charmeleon,,Fire,,58,64,58,80,65,80
6,Charizard,Charizard,,Fire,Flying,78,84,78,109,85,100
6,Charizard,Charizard-MegaX,MegaX,Fire,Dragon,78,130,111,130,85,100
6,Charizard,Charizard-MegaY,MegaY,Fire,Flying,78,104,78,159,115,100
7,Squirtle,Squirtle,,Water,,44,48,65,50,64,43
8,Wartortle,Wartortle,,Water,,59,63,80,65,80,58
9,Blastoise,Blastoise,,Water,,79,83,100,85,105,78
9,Blastoise,Blastoise-Mega,Mega,Water,,79,103,120,135,115,78
10,Caterpie,Caterpie,,Bug,,45,30,35,20,20,45
11,Metapod,Metapod,,Bug,,50,20,55,25,25,30
12,Butterfree,Butterfree,,Bug,Flying,60,45,50,90,80,70
13,Weedle,Weedle,,Bug,Poison,40,35,30,20,20,50
14,Kakuna,Kakuna,,Bug,Poison,45,25,50,25,25,35
15,Beedrill,Beedrill,,Bug,Poison,65,90,40,45,80,75
15,Beedrill,Beedrill-Mega,Mega,Bug,Poison,65,150,40,15,80,145
16,Pidgey,Pidgey,,Normal,Flying,40,45,40,35,35,56
17,Pidgeotto,Pidgeotto,,Normal,Flying,63,60,55,50,50,71
18,Pidgeot,Pidgeot,,Normal,Flying,83,80,75,70,70,101
18,Pidgeot,Pidgeot-Mega,Mega,Normal,Flying,83,80,80,135,80,121
19,Rattata,Rattata,,Normal,,30,56,35,25,35,72
19,Rattata,Rattata-Alola,Alola,Dark,Normal,30,56,35,25,35,72
20,Raticate,Raticate,,Normal,,55,81,60,50,70,97
20,Raticate,Raticate-Alola,Alola,Dark,Normal,75,71,70,40,80,77
21,Spearow,Spearow,,Normal,Flying,40,60,30,31,31,70
22,Fearow,Fearow,,Normal,Flying,65,90,65,61,61,100
23,Ekans,Ekans,,Poison,,35,60,44,40,54,55
24,Arbok,Arbok,,Poison,,60,95,69,65,79,80
25,Pikachu,Pikachu,,Electric,,35,55,40,50,50,90
25,Pikachu,Pikachu-Partner,Partner,Electric,,45,80,50,75,60,120
26,Raichu,Raichu,,Electric,,60,90,55,90,80,110
26,Raichu,Raichu-Alola,Alola,Electric,Psychic,60,85,50,95,85,110
27,Sandshrew,Sandshrew,,Ground,,50,75,85,20,30,40
27,Sandshrew,Sandshrew-Alola,Alola,Ice,Steel,50,75,90,10,35,40
28,Sandslash,Sandslash,,Ground,,75,100,110,45,55,65
28,Sandslash,Sandslash-Alola,Alola,Ice,Steel,75,100,120,25,65,65
29,NidoranF,NidoranF,,Poison,,55,47,52,40,40,41
30,Nidorina,Nidorina,,Poison,,70,62,67,55,55,56
31,Nidoqueen,Nidoqueen,,Poison,Ground,90,92,87,75,85,76
32,NidoranM,NidoranM,,Poison,,46,57,40,40,40,50
33,Nidorino,Nidorino,,Poison,,61,72,57,55,55,65
34,Nidoking,Nidoking,,Poison,Ground,81,102,77,85,75,85
35,Clefairy,Clefairy,,Fairy,,70,45,48,60,65,35
36,Clefable,Clefable,,Fairy,,95,70,73,95,90,60
37,Vulpix,Vulpix,,Fire,,38,41,40,50,65,65
37,Vulpix,Vulpix-Alola,Alola,Ice,,38,41,40,50,65,65
38,Ninetales,Ninetales,,Fire,,73,76,75,81,100,100
38,Ninetales,Ninetales-Alola,Alola,Ice,Fairy,73,67,75,81,100,109
39,Jigglypuff,Jigglypuff,,Normal,Fairy,115,45,20,45,25,20
40,Wigglytuff,Wigglytuff,,Normal,Fairy,140,70,45,85,50,45
41,Zubat,Zubat,,Poison,Flying,40,45,35,30,40,55
42,Golbat,Golbat,,Poison,Flying,75,80,70,65,75,90
43,Oddish,Oddish,,Grass,Poison,45,50,55,75,65,30
44,Gloom,Gloom,,Grass,Poison,60,65,70,85,75,40
45,Vileplume,Vileplume,,Grass,Poison,75,80,85,110,90,50
46,Paras,Paras,,Bug,Grass,35,70,55,45,55,25
47,Parasect,Parasect,,Bug,Grass,60,95,80,60,80,30
48,Venonat,Venonat,,Bug,Poison,60,55,50,40,55,45
49,Venomoth,Venomoth,,Bug,Poison,70,65,60,90,75,90
50,Diglett,Diglett,,Ground,,10,55,25,35,45,95
50,Diglett,Diglett-Alola,Alola,Ground,Steel,10,55,30,35,45,90
51,Dugtrio,Dugtrio,,Ground,,35,100,50,50,70,120
51,Dugtrio,Dugtrio-Alola,Alola,Ground,Steel,35,100,60,50,70,110
52,Meowth,Meowth,,Normal,,40,45,35,40,40,90
52,Meowth,Meowth-Alola,Alola,Dark,,40,35,35,50,40,90
52,Meowth,Meowth-Galar,Galar,Steel,,50,65,55,40,40,40
53,Persian,Persian,,Normal,,65,70,60,65,65,115
53,Persian,Persian-Alola,Alola,Dark,,65,60,60,75,65,115
54,Psyduck,Psyduck,,Water,,50,52,48,65,50,55
55,Golduck,Golduck,,Water,,80,82,78,95,80,85
56,Mankey,Mankey,,Fighting,,40,80,35,35,45,70
57,Primeape,Primeape,,Fighting,,65,105,60,60,70,95
58,Growlithe,Growlithe,,Fire,,55,70,45,70,50,60
58,Growlithe,Growlithe-Hisui,Hisui,Fire,Rock,60,75,45,65,50,55
59,Arcanine,Arcanine,,Fire,,90,110,80,100,80,95
59,Arcanine,Arcanine-Hisui,Hisui,Fire,Rock,95,115,80,95,80,90
60,Poliwag,Poliwag,,Water,,40,50,40,40,40,90
61,Poliwhirl,Poliwhirl,,Water,,65,65,65,50,50,90
62,Poliwrath,Poliwrath,,Water,Fighting,90,95,95,70,90,70
63,Abra,Abra,,Psychic,,25,20,15,105,55,90
64,Kadabra,Kadabra,,Psychic,,40,35,30,120,70,105
65,Alakazam,Alakazam,,Psychic,,55,50,45,135,95,120
65,Alakazam,Alakazam-Mega,Mega,Psychic,,55,50,65,175,105,150
66,Machop,Machop,,Fighting,,70,80,50,35,35,35
67,Machoke,Machoke,,Fighting,,80,100,70,50,60,45
68,Machamp,Machamp,,Fighting,,90,130,80,65,85,55
69,Bellsprout,Bellsprout,,Grass,Poison,50,75,35,70,30,40
70,Weepinbell,Weepinbell,,Grass,Poison,65,90,50,85,45,55
71,Victreebel,Victreebel,,Grass,Poison,80,105,65,100,70,70
72,Tentacool,Tentacool,,Water,Poison,40,40,35,50,100,70
73,Tentacruel,Tentacruel,,Water,Poison,80,70,65,80,120,100
74,Geodude,Geodude,,Rock,Ground,40,80,100,30,30,20
74,Geodude,Geodude-Alola,Alola,Rock,Electric,40,80,100,30,30,20
75,Graveler,Graveler,,Rock,Ground,55,95,115,45,45,35
75,Graveler,Graveler-Alola,Alola,Rock,Electric,55,95,115,45,45,35
76,Golem,Golem,,Rock,Ground,80,120,130,55,65,45
76,Golem,Golem-Alola,Alola,Rock,Electric,80,120,130,55,65,45
77,Ponyta,Ponyta,,Fire,,50,85,55,65,65,90
77,Ponyta,Ponyta-Galar,Galar,Psychic,,50,85,55,65,65,90
78,Rapidash,Rapidash,,Fire,,65,100,70,80,80,105
78,Rapidash,Rapidash-Galar,Galar,Psychic,Fairy,65,100,70,80,80,105
79,Slowpoke,Slowpoke,,Water,Psychic,90,65,65,40,40,15
79,Slowpoke,Slowpoke-Galar,Galar,Psychic,,90,65,65,40,40,15
80,Slowbro,Slowbro,,Water,Psychic,95,75,110,100,80,30
80,Slowbro,Slowbro-Mega,Mega,Water,Psychic,95,75,180,130,80,30
80,Slowbro,Slowbro-Galar,Galar,Poison,Psychic,95,100,95,100,70,30
81,Magnemite,Magnemite,,Electric,Steel,25,35,70,95,55,45
82,Magneton,Magneton,,Electric,Steel,50,60,95,120,70,70
83,Farfetch'd,Farfetch'd,,Normal,Flying,52,90,55,58,62,60
83,Farfetch'd,Farfetch'd-Galar,Galar,Fighting,,52,95,55,58,62,55
84,Doduo,Doduo,,Normal,Flying,35,85,45,35,35,75
85,Dodrio,Dodrio,,Normal,Flying,60,110,70,60,60,110
86,Seel,Seel,,Water,,65,45,55,45,70,45
87,Dewgong,Dewgong,,Water,Ice,90,70,80,70,95,70
88,Grimer,Grimer,,Poison,,80,80,50,40,50,25
88,Grimer,Grimer-Alola,Alola,Poison,Dark,80,80,50,40,50,25
89,Muk,Muk,,Poison,,105,105,75,65,100,50
89,Muk,Muk-Alola,Alola,Poison,Dark,105,105,75,65,100,50
90,Shellder,Shellder,,Water,,30,65,100,45,25,40
91,Cloyster,Cloyster,,Water,Ice,50,95,180,85,45,70
92,Gastly,Gastly,,Ghost,Poison,30,35,30,100,35,80
93,Haunter,Haunter,,Ghost,Poison,45,50,45,115,55,95
94,Gengar,Gengar,,Ghost,Poison,60,65,60,130,75,110
94,Gengar,Gengar-Mega,Mega,Ghost,Poison,60,65,80,170,95,130
95,Onix,Onix,,Rock,Ground,35,45,160,30,45,70
96,Drowzee,Drowzee,,Psychic,,60,48,45,43,90,42
97,Hypno,Hypno,,Psychic,,85,73,70,73,115,67
98,Krabby,Krabby,,Water,,30,105,90,25,25,50
99,Kingler,Kingler,,Water,,55,130,115,50,50,75
100,Voltorb,Voltorb,,Electric,,40,30,50,55,55,100
100,Voltorb,Voltorb-Hisui,Hisui,Electric,Grass,40,30,50,55,55,100
101,Electrode,Electrode,,Electric,,60,50,70,80,80,150
101,Electrode,Electrode-Hisui,Hisui,Electric,Grass,60,50,70,80,80,150
102,Exeggcute,Exeggcute,,Grass,Psychic,60,40,80,60,45,40
103,Exeggutor,Exeggutor,,Grass,Psychic,95,95,85,125,75,55
103,Exeggutor,Exeggutor-Alola,Alola,Grass,Dragon,95,105,85,125,75,45
104,Cubone,Cubone,,Ground,,50,50,95,40,50,35
105,Marowak,Marowak,,Ground,,60,80,110,50,80,45
105,Marowak,Marowak-Alola,Alola,Fire,Ghost,60,80,110,50,80,45
106,Hitmonlee,Hitmonlee,,Fighting,,50,120,53,35,110,87
107,Hitmonchan,Hitmonchan,,Fighting,,50,105,79,35,110,76
108,Lickitung,Lickitung,,Normal,,90,55,75,60,75,30
109,Koffing,Koffing,,Poison,,40,65,95,60,45,35
110,Weezing,Weezing,,Poison,,65,90,120,85,70,60
110,Weezing,Weezing-Galar,Galar,Poison,Fairy,65,90,120,85,70,60
111,Rhyhorn,Rhyhorn,,Ground,Rock,80,85,95,30,30,25
112,Rhydon,Rhydon,,Ground,Rock,105,130,120,45,45,40
113,Chansey,Chansey,,Normal,,250,5,5,35,105,50
114,Tangela,Tangela,,Grass,,65,55,115,100,40,60
115,Kangaskhan,Kangaskhan,,Normal,,105,95,80,40,80,90
115,Kangaskhan,Kangaskhan-Mega,Mega,Normal,,105,125,100,60,100,100
116,Horsea,Horsea,,Water,,30,40,70,70,25,60
117,Seadra,Seadra,,Water,,55,65,95,95,45,85
118,Goldeen,Goldeen,,Water,,45,67,60,35,50,63
119,Seaking,Seaking,,Water,,80,92,65,65,80,68
120,Staryu,Staryu,,Water,,30,45,55,70,55,85
121,Starmie,Starmie,,Water,Psychic,60,75,85,100,85,115
122,Mr. Mime,Mr. Mime,,Psychic,Fairy,40,45,65,100,120,90
122,Mr. Mime,Mr. Mime-Galar,Galar,Ice,Psychic,50,65,65,90,90,100
123,Scyther,Scyther,,Bug,Flying,70,110,80,55,80,105
124,Jynx,Jynx,,Ice,Psychic,65,50,35,115,95,95
125,Electabuzz,Electabuzz,,Electric,,65,83,57,95,85,105
126,Magmar,Magmar,,Fire,,65,95,57,100,85,93
127,Pinsir,Pinsir,,Bug,,65,125,100,55,70,85
127,Pinsir,Pinsir-Mega,Mega,Bug,Flying,65,155,120,65,90,105
128,Tauros,Tauros,,Normal,,75,100,95,40,70,110
128,Tauros,Tauros-Combat,Combat,Fighting,,75,110,105,30,70,100
128,Tauros,Tauros-Blaze,Blaze,Fighting,Fire,75,110,105,30,70,100
128,Tauros,Tauros-Aqua,Aqua,Fighting,Water,75,110,105,30,70,100
129,Magikarp,Magikarp,,Water,,20,10,55,15,20,80
130,Gyarados,Gyarados,,Water,Flying,95,125,79,60,100,81
130,Gyarados,Gyarados-Mega,Mega,Water,Dark,95,155,109,70,130,81
131,Lapras,Lapras,,Water,Ice,130,85,80,85,95,60
132,Ditto,Ditto,,Normal,,48,48,48,48,48,48
133,Eevee,Eevee,,Normal,,55,55,50,45,65,55
133,Eevee,Eevee-Partner,Partner,Normal,,65,75,70,65,85,75
134,Vaporeon,Vaporeon,,Water,,130,65,60,110,95,65
135,Jolteon,Jolteon,,Electric,,65,65,60,110,95,130
136,Flareon,Flareon,,Fire,,65,130,60,95,110,65
137,Porygon,Porygon,,Normal,,65,60,70,85,75,40
138,Omanyte,Omanyte,,Rock,Water,35,40,100,90,55,35
139,Omastar,Omastar,,Rock,Water,70,60,125,115,70,55
140,Kabuto,Kabuto,,Rock,Water,30,80,90,55,45,55
141,Kabutops,Kabutops,,Rock,Water,60,115,105,65,70,80
142,Aerodactyl,Aerodactyl,,Rock,Flying,80,105,65,60,75,130
142,Aerodactyl,Aerodactyl-Mega,Mega,Rock,Flying,80,135,85,70,95,150
143,Snorlax,Snorlax,,Normal,,160,110,65,65,110,30
144,Articuno,Articuno,,Ice,Flying,90,85,100,95,125,85
144,Articuno,Articuno-Galar,Galar,Psychic,Flying,90,85,85,125,100,95
145,Zapdos,Zapdos,,Electric,Flying,90,90,85,125,90,100
145,Zapdos,Zapdos-Galar,Galar,Fighting,Flying,90,125,90,85,90,100
146,Moltres,Moltres,,Fire,Flying,90,100,90,125,85,90
146,Moltres,Moltres-Galar,Galar,Dark,Flying,90,85,90,100,125,90
147,Dratini,Dratini,,Dragon,,41,64,45,50,50,50
148,Dragonair,Dragonair,,Dragon,,61,84,65,70,70,70
149,Dragonite,Dragonite,,Dragon,Flying,91,134,95,100,100,80
150,Mewtwo,Mewtwo,,Psychic,,106,110,90,154,90,130
150,Mewtwo,Mewtwo-MegaX,MegaX,Psychic,Fighting,106,190,100,154,100,130
150,Mewtwo,Mewtwo-MegaY,MegaY,Psychic,,106,150,70,194,120,140
151,Mew,Mew,,Psychic,,100,100,100,100,100,100
152,Chikorita,Chikorita,,Grass,,45,49,65,49,65,45
153,Bayleef,Bayleef,,Grass,,60,62,80,63,80,60
154,Meganium,Meganium,,Grass,,80,82,100,83,100,80
155,Cyndaquil,Cyndaquil,,Fire,,39,52,43,60,50,65
156,Quilava,Quilava,,Fire,,58,64,58,80,65,80
157,Typhlosion,Typhlosion,,Fire,,78,84,78,109,85,100
157,Typhlosion,Typhlosion-Hisui,Hisui,Fire,Ghost,73,84,78,119,85,95
158,Totodile,Totodile,,Water,,50,65,64,44,48,43
159,Croconaw,Croconaw,,Water,,65,80,80,59,63,58
160,Feraligatr,Feraligatr,,Water,,85,105,100,79,83,78
161,Sentret,Sentret,,Normal,,35,46,34,35,45,20
162,Furret,Furret,,Normal,,85,76,64,45,55,90
163,Hoothoot,Hoothoot,,Normal,Flying,60,30,30,36,56,50
164,Noctowl,Noctowl,,Normal,Flying,100,50,50,86,96,70
165,Ledyba,Ledyba,,Bug,Flying,40,20,30,40,80,55
166,Ledian,Ledian,,Bug,Flying,55,35,50,55,110,85
167,Spinarak,Spinarak,,Bug,Poison,40,60,40,40,40,30
168,Ariados,Ariados,,Bug,Poison,70,90,70,60,70,40
169,Crobat,Crobat,,Poison,Flying,85,90,80,70,80,130
170,Chinchou,Chinchou,,Water,Electric,75,38,38,56,56,67
171,Lanturn,Lanturn,,Water,Electric,125,58,58,76,76,67
172,Pichu,Pichu,,Electric,,20,40,15,35,35,60
173,Cleffa,Cleffa,,Fairy,,50,25,28,45,55,15
174,Igglybuff,Igglybuff,,Normal,Fairy,90,30,15,40,20,15
175,Togepi,Togepi,,Fairy,,35,20,65,40,65,20
176,Togetic,Togetic,,Fairy,Flying,55,40,85,80,105,40
177,Natu,Natu,,Psychic,Flying,40,50,45,70,45,70
178,Xatu,Xatu,,Psychic,Flying,65,75,70,95,70,95
179,Mareep,Mareep,,Electric,,55,40,40,65,45,35
180,Flaaffy,Flaaffy,,Electric,,70,55,55,80,60,45
181,Ampharos,Ampharos,,Electric,,90,75,85,115,90,55
181,Ampharos,Ampharos-Mega,Mega,Electric,Dragon,90,95,105,165,110,45
182,Bellossom,Bellossom,,Grass,,75,80,95,90,100,50
183,Marill,Marill,,Water,Fairy,70,20,50,20,50,40
184,Azumarill,Azumarill,,Water,Fairy,100,50,80,60,80,50
185,Sudowoodo,Sudowoodo,,Rock,,70,100,115,30,65,30
186,Politoed,Politoed,,Water,,90,75,75,90,100,70
187,Hoppip,Hoppip,,Grass,Flying,35,35,40,35,55,50
188,Skiploom,Skiploom,,Grass,Flying,55,45,50,45,65,80
189,Jumpluff,Jumpluff,,Grass,Flying,75,55,70,55,95,110
190,Aipom,Aipom,,Normal,,55,70,55,40,55,85
191,Sunkern,Sunkern,,Grass,,30,30,30,30,30,30
192,Sunflora,Sunflora,,Grass,,75,75,55,105,85,30
193,Yanma,Yanma,,Bug,Flying,65,65,45,75,45,95
194,Wooper,Wooper,,Water,Ground,55,45,45,25,25,15
194,Wooper,Wooper-Paldea,Paldea,Poison,Ground,55,45,45,25,25,15
195,Quagsire,Quagsire,,Water,Ground,95,85,85,65,65,35
196,Espeon,Espeon,,Psychic,,65,65,60,130,95,110
197,Umbreon,Umbreon,,Dark,,95,65,110,60,130,65
198,Murkrow,Murkrow,,Dark,Flying,60,85,42,85,42,91
199,Slowking,Slowking,,Water,Psychic,95,75,80,100,110,30
199,Slowking,Slowking-Galar,Galar,Poison,Psychic,95,65,80,110,110,30
200,Misdreavus,Misdreavus,,Ghost,,60,60,60,85,85,85
201,Unown,Unown,,Psychic,,48,72,48,72,48,48
202,Wobbuffet,Wobbuffet,,Psychic,,190,33,58,33,58,33
203,Girafarig,Girafarig,,Normal,Psychic,70,80,65,90,65,85
204,Pineco,Pineco,,Bug,,50,65,90,35,35,15
205,Forretress,Forretress,,Bug,Steel,75,90,140,60,60,40
206,Dunsparce,Dunsparce,,Normal,,100,70,70,65,65,45
207,Gligar,Gligar,,Ground,Flying,65,75,105,35,65,85
208,Steelix,Steelix,,Steel,Ground,75,85,200,55,65,30
208,Steelix,Steelix-Mega,Mega,Steel,Ground,75,125,230,55,95,30
209,Snubbull,Snubbull,,Fairy,,60,80,50,40,40,30
210,Granbull,Granbull,,Fairy,,90,120,75,60,60,45
211,Qwilfish,Qwilfish,,Water,Poison,65,95,85,55,55,85
211,Qwilfish,Qwilfish-Hisui,Hisui,Dark,Poison,65,95,85,55,55,85
212,Scizor,Scizor,,Bug,Steel,70,130,100,55,80,65
212,Scizor,Scizor-Mega,Mega,Bug,Steel,70,150,140,65,100,75
213,Shuckle,Shuckle,,Bug,Rock,20,10,230,10,230,5
214,Heracross,Heracross,,Bug,Fighting,80,125,75,40,95,85
214,Heracross,Heracross-Mega,Mega,Bug,Fighting,80,185,115,40,105,75
215,Sneasel,Sneasel,,Dark,Ice,55,95,55,35,75,115
215,Sneasel,Sneasel-Hisui,Hisui,Fighting,Poison,55,95,55,35,75,115
216,Teddiursa,Teddiursa,,Normal,,60,80,50,50,50,40
217,Ursaring,Ursaring,,Normal,,90,130,75,75,75,55
218,Slugma,Slugma,,Fire,,40,40,40,70,40,20
219,Magcargo,Magcargo,,Fire,Rock,60,50,120,90,80,30
220,Swinub,Swinub,,Ice,Ground,50,50,40,30,30,50
221,Piloswine,Piloswine,,Ice,Ground,100,100,80,60,60,50
222,Corsola,Corsola,,Water,Rock,65,55,95,65,95,35
222,Corsola,Corsola-Galar,Galar,Ghost,,60,55,100,65,100,30
223,Remoraid,Remoraid,,Water,,35,65,35,65,35,65
224,Octillery,Octillery,,Water,,75,105,75,105,75,45
225,Delibird,Delibird,,Ice,Flying,45,55,45,65,45,75
226,Mantine,Mantine,,Water,Flying,85,40,70,80,140,70
227,Skarmory,Skarmory,,Steel,Flying,65,80,140,40,70,70
228,Houndour,Houndour,,Dark,Fire,45,60,30,80,50,65
229,Houndoom,Houndoom,,Dark,Fire,75,90,50,110,80,95
229,Houndoom,Houndoom-Mega,Mega,Dark,Fire,75,90,90,140,90,115
230,Kingdra,Kingdra,,Water,Dragon,75,95,95,95,95,85
231,Phanpy,Phanpy,,Ground,,90,60,60,40,40,40
232,Donphan,Donphan,,Ground,,90,120,120,60,60,50
233,Porygon2,Porygon2,,Normal,,85,80,90,105,95,60
234,Stantler,Stantler,,Normal,,73,95,62,85,65,85
235,Smeargle,Smeargle,,Normal,,55,20,35,20,45,75
236,Tyrogue,Tyrogue,,Fighting,,35,35,35,35,35,35
237,Hitmontop,Hitmontop,,Fighting,,50,95,95,35,110,70
238,Smoochum,Smoochum,,Ice,Psychic,45,30,15,85,65,65
239,Elekid,Elekid,,Electric,,45,63,37,65,55,95
240,Magby,Magby,,Fire,,45,75,37,70,55,83
241,Miltank,Miltank,,Normal,,95,80,105,40,70,100
242,Blissey,Blissey,,Normal,,255,10,10,75,135,55
243,Raikou,Raikou,,Electric,,90,85,75,115,100,115
244,Entei,Entei,,Fire,,115,115,85,90,75,100
245,Suicune,Suicune,,Water,,100,75,115,90,115,85
246,Larvitar,Larvitar,,Rock,Ground,50,64,50,45,50,41
247,Pupitar,Pupitar,,Rock,Ground,70,84,70,65,70,51
248,Tyranitar,Tyranitar,,Rock,Dark,100,134,110,95,100,61
248,Tyranitar,Tyranitar-Mega,Mega,Rock,Dark,100,164,150,95,120,71
249,Lugia,Lugia,,Psychic,Flying,106,90,130,90,154,110
250,Ho-oh,Ho-oh,,Fire,Flying,106,130,90,110,154,90
251,Celebi,Celebi,,Psychic,Grass,100,100,100,100,100,100
252,Treecko,Treecko,,Grass,,40,45,35,65,55,70
253,Grovyle,Grovyle,,Grass,,50,65,45,85,65,95
254,Sceptile,Sceptile,,Grass,,70,85,65,105,85,120
254,Sceptile,Sceptile-Mega,Mega,Grass,Dragon,70,110,75,145,85,145
255,Torchic,Torchic,,Fire,,45,60,40,70,50,45
256,Combusken,Combusken,,Fire,Fighting,60,85,60,85,60,55
257,Blaziken,Blaziken,,Fire,Fighting,80,120,70,110,70,80
257,Blaziken,Blaziken-Mega,Mega,Fire,Fighting,80,160,80,130,80,100
258,Mudkip,Mudkip,,Water,,50,70,50,50,50,40
259,Marshtomp,Marshtomp,,Water,Ground,70,85,70,60,70,50
260,Swampert,Swampert,,Water,Ground,100,110,90,85,90,60
260,Swampert,Swampert-Mega,Mega,Water,Ground,100,150,110,95,110,70
261,Poochyena,Poochyena,,Dark,,35,55,35,30,30,35
262,Mightyena,Mightyena,,Dark,,70,90,70,60,60,70
263,Zigzagoon,Zigzagoon,,Normal,,38,30,41,30,41,60
263,Zigzagoon,Zigzagoon-Galar,Galar,Dark,Normal,38,30,41,30,41,60
264,Linoone,Linoone,,Normal,,78,70,61,50,61,100
264,Linoone,Linoone-Galar,Galar,Dark,Normal,78,70,61,50,61,100
265,Wurmple,Wurmple,,Bug,,45,45,35,20,30,20
266,Silcoon,Silcoon,,Bug,,50,35,55,25,25,15
267,Beautifly,Beautifly,,Bug,Flying,60,70,50,100,50,65
268,Cascoon,Cascoon,,Bug,,50,35,55,25,25,15
269,Dustox,Dustox,,Bug,Poison,60,50,70,50,90,65
270,Lotad,Lotad,,Water,Grass,40,30,30,40,50,30
271,Lombre,Lombre,,Water,Grass,60,50,50,60,70,50
272,Ludicolo,Ludicolo,,Water,Grass,80,70,70,90,100,70
273,Seedot,Seedot,,Grass,,40,40,50,30,30,30
274,Nuzleaf,Nuzleaf,,Grass,Dark,70,70,40,60,40,60
275,Shiftry,Shiftry,,Grass,Dark,90,100,60,90,60,80
276,Taillow,Taillow,,Normal,Flying,40,55,30,30,30,85
277,Swellow,Swellow,,Normal,Flying,60,85,60,75,50,125
278,Wingull,Wingull,,Water,Flying,40,30,30,55,30,85
279,Pelipper,Pelipper,,Water,Flying,60,50,100,95,70,65
280,Ralts,Ralts,,Psychic,Fairy,28,25,25,45,35,40
281,Kirlia,Kirlia,,Psychic,Fairy,38,35,35,65,55,50
282,Gardevoir,Gardevoir,,Psychic,Fairy,68,65,65,125,115,80
282,Gardevoir,Gardevoir-Mega,Mega,Psychic,Fairy,68,85,65,165,135,100
283,Surskit,Surskit,,Bug,Water,40,30,32,50,52,65
284,Masquerain,Masquerain,,Bug,Flying,70,60,62,100,82,80
285,Shroomish,Shroomish,,Grass,,60,40,60,40,60,35
286,Breloom,Breloom,,Grass,Fighting,60,130,80,60,60,70
287,Slakoth,Slakoth,,Normal,,60,60,60,35,35,30
288,Vigoroth,Vigoroth,,Normal,,80,80,80,55,55,90
289,Slaking,Slaking,,Normal,,150,160,100,95,65,100
289,Slaking,Slaking,Mega,Normal,,150,160,110,60,110,110
290,Nincada,Nincada,,Bug,Ground,31,45,90,30,30,40
291,Ninjask,Ninjask,,Bug,Flying,61,90,45,50,50,160
292,Shedinja,Shedinja,,Bug,Ghost,1,90,45,30,30,40
293,Whismur,Whismur,,Normal,,64,51,23,51,23,28
294,Loudred,Loudred,,Normal,,84,71,43,71,43,48
295,Exploud,Exploud,,Normal,,104,91,63,91,73,68
296,Makuhita,Makuhita,,Fighting,,72,60,30,20,30,25
297,Hariyama,Hariyama,,Fighting,,144,120,60,40,60,50
298,Azurill,Azurill,,Normal,Fairy,50,20,40,20,40,20
299,Nosepass,Nosepass,,Rock,,30,45,135,45,90,30
300,Skitty,Skitty,,Normal,,50,45,45,35,35,50
301,Delcatty,Delcatty,,Normal,,70,65,65,55,55,90
302,Sableye,Sableye,,Dark,Ghost,50,75,75,65,65,50
302,Sableye,Sableye-Mega,Mega,Dark,Ghost,50,85,125,85,115,20
303,Mawile,Mawile,,Steel,Fairy,50,85,85,55,55,50
303,Mawile,Mawile-Mega,Mega,Steel,Fairy,50,105,125,55,95,50
304,Aron,Aron,,Steel,Rock,50,70,100,40,40,30
305,Lairon,Lairon,,Steel,Rock,60,90,140,50,50,40
306,Aggron,Aggron,,Steel,Rock,70,110,180,60,60,50
306,Aggron,Aggron-Mega,Mega,Steel,,70,140,230,60,80,50
307,Meditite,Meditite,,Fighting,Psychic,30,40,55,40,55,60
308,Medicham,Medicham,,Fighting,Psychic,60,60,75,60,75,80
308,Medicham,Medicham-Mega,Mega,Fighting,Psychic,60,100,85,80,85,100
309,Electrike,Electrike,,Electric,,40,45,40,65,40,65
310,Manectric,Manectric,,Electric,,70,75,60,105,60,105
310,Manectric,Manectric-Mega,Mega,Electric,,70,75,80,135,80,135
311,Plusle,Plusle,,Electric,,60,50,40,85,75,95
312,Minun,Minun,,Electric,,60,40,50,75,85,95
313,Volbeat,Volbeat,,Bug,,65,73,75,47,85,85
314,Illumise,Illumise,,Bug,,65,47,75,73,85,85
315,Roselia,Roselia,,Grass,Poison,50,60,45,100,80,65
316,Gulpin,Gulpin,,Poison,,70,43,53,43,53,40
317,Swalot,Swalot,,Poison,,100,73,83,73,83,55
318,Carvanha,Carvanha,,Water,Dark,45,90,20,65,20,65
319,Sharpedo,Sharpedo,,Water,Dark,70,120,40,95,40,95
319,Sharpedo,Sharpedo-Mega,Mega,Water,Dark,70,140,70,110,65,105
320,Wailmer,Wailmer,,Water,,130,70,35,70,35,60
321,Wailord,Wailord,,Water,,170,90,45,90,45,60
322,Numel,Numel,,Fire,Ground,60,60,40,65,45,35
323,Camerupt,Camerupt,,Fire,Ground,70,100,70,105,75,40
323,Camerupt,Camerupt-Mega,Mega,Fire,Ground,70,120,100,145,105,20
324,Torkoal,Torkoal,,Fire,,70,85,140,85,70,20
325,Spoink,Spoink,,Psychic,,60,25,35,70,80,60
326,Grumpig,Grumpig,,Psychic,,80,45,65,90,110,80
327,Spinda,Spinda,,Normal,,60,60,60,60,60,60
328,Trapinch,Trapinch,,Ground,,45,100,45,45,45,10
329,Vibrava,Vibrava,,Ground,Dragon,50,70,50,50,50,70
330,Flygon,Flygon,,Ground,Dragon,80,100,80,80,80,100
331,Cacnea,Cacnea,,Grass,,50,85,40,85,40,35
332,Cacturne,Cacturne,,Grass,Dark,70,115,60,115,60,55
333,Swablu,Swablu,,Normal,Flying,45,40,60,40,75,50
334,Altaria,Altaria,,Dragon,Flying,75,70,90,70,105,80
334,Altaria,Altaria-Mega,Mega,Dragon,Fairy,75,110,110,110,105,80
335,Zangoose,Zangoose,,Normal,,73,115,60,60,60,90
336,Seviper,Seviper,,Poison,,73,100,60,100,60,65
337,Lunatone,Lunatone,,Rock,Psychic,90,55,65,95,85,70
338,Solrock,Solrock,,Rock,Psychic,90,95,85,55,65,70
339,Barboach,Barboach,,Water,Ground,50,48,43,46,41,60
340,Whiscash,Whiscash,,Water,Ground,110,78,73,76,71,60
341,Corphish,Corphish,,Water,,43,80,65,50,35,35
342,Crawdaunt,Crawdaunt,,Water,Dark,63,120,85,90,55,55
343,Baltoy,Baltoy,,Ground,Psychic,40,40,55,40,70,55
344,Claydol,Claydol,,Ground,Psychic,60,70,105,70,120,75
345,Lileep,Lileep,,Rock,Grass,66,41,77,61,87,23
346,Cradily,Cradily,,Rock,Grass,86,81,97,81,107,43
347,Anorith,Anorith,,Rock,Bug,45,95,50,40,50,75
348,Armaldo,Armaldo,,Rock,Bug,75,125,100,70,80,45
349,Feebas,Feebas,,Water,,20,15,20,10,55,80
350,Milotic,Milotic,,Water,,95,60,79,100,125,81
351,Castform,Castform,,Normal,,70,70,70,70,70,70
351,Castform,Castform-Sunny,Sunny,Fire,,70,70,70,70,70,70
351,Castform,Castform-Rainy,Rainy,Water,,70,70,70,70,70,70
351,Castform,Castform-Snowy,Snowy,Ice,,70,70,70,70,70,70
352,Kecleon,Kecleon,,Normal,,60,90,70,60,120,40
353,Shuppet,Shuppet,,Ghost,,44,75,35,63,33,45
354,Banette,Banette,,Ghost,,64,115,65,83,63,65
354,Banette,Banette-Mega,Mega,Ghost,,64,165,75,93,83,75
355,Duskull,Duskull,,Ghost,,20,40,90,30,90,25
356,Dusclops,Dusclops,,Ghost,,40,70,130,60,130,25
357,Tropius,Tropius,,Grass,Flying,99,68,83,72,87,51
358,Chimecho,Chimecho,,Psychic,,75,50,80,95,90,65
359,Absol,Absol,,Dark,,65,130,60,75,60,75
359,Absol,Absol-Mega,Mega,Dark,,65,150,60,115,60,115
360,Wynaut,Wynaut,,Psychic,,95,23,48,23,48,23
361,Snorunt,Snorunt,,Ice,,50,50,50,50,50,50
362,Glalie,Glalie,,Ice,,80,80,80,80,80,80
362,Glalie,Glalie-Mega,Mega,Ice,,80,120,80,120,80,100
363,Spheal,Spheal,,Ice,Water,70,40,50,55,50,25
364,Sealeo,Sealeo,,Ice,Water,90,60,70,75,70,45
365,Walrein,Walrein,,Ice,Water,110,80,90,95,90,65
366,Clamperl,Clamperl,,Water,,35,64,85,74,55,32
367,Huntail,Huntail,,Water,,55,104,105,94,75,52
368,Gorebyss,Gorebyss,,Water,,55,84,105,114,75,52
369,Relicanth,Relicanth,,Water,Rock,100,90,130,45,65,55
370,Luvdisc,Luvdisc,,Water,,43,30,55,40,65,97
371,Bagon,Bagon,,Dragon,,45,75,60,40,30,50
372,Shelgon,Shelgon,,Dragon,,65,95,100,60,50,50
373,Salamence,Salamence,,Dragon,Flying,95,135,80,110,80,100
373,Salamence,Salamence-Mega,Mega,Dragon,Flying,95,145,130,120,90,120
374,Beldum,Beldum,,Steel,Psychic,40,55,80,35,60,30
375,Metang,Metang,,Steel,Psychic,60,75,100,55,80,50
376,Metagross,Metagross,,Steel,Psychic,80,135,130,95,90,70
376,Metagross,Metagross-Mega,Mega,Steel,Psychic,80,145,150,105,110,110
377,Regirock,Regirock,,Rock,,80,100,200,50,100,50
378,Regice,Regice,,Ice,,80,50,100,100,200,50
379,Registeel,Registeel,,Steel,,80,75,150,75,150,50
380,Latias,Latias,,Dragon,Psychic,80,80,90,110,130,110
380,Latias,Latias-Mega,Mega,Dragon,Psychic,80,100,120,140,150,110
381,Latios,Latios,,Dragon,Psychic,80,90,80,130,110,110
381,Latios,Latios-Mega,Mega,Dragon,Psychic,80,130,100,160,120,110
382,Kyogre,Kyogre,,Water,,100,100,90,150,140,90
382,Kyogre,Kyogre-Primal,Primal,Water,,100,150,90,180,160,90
383,Groudon,Groudon,,Ground,,100,150,140,100,90,90
383,Groudon,Groudon-Primal,Primal,Ground,Fire,100,180,160,150,90,90
384,Rayquaza,Rayquaza,,Dragon,Flying,105,150,90,150,90,95
384,Rayquaza,Rayquaza-Mega,Mega,Dragon,Flying,105,180,100,180,100,115
385,Jirachi,Jirachi,,Steel,Psychic,100,100,100,100,100,100
386,Deoxys,Deoxys-Normal,Normal,Psychic,,50,150,50,150,50,150
386,Deoxys,Deoxys-Attack,Attack,Psychic,,50,180,20,180,20,150
386,Deoxys,Deoxys-Defense,Defense,Psychic,,50,70,160,70,160,90
386,Deoxys,Deoxys-Speed,Speed,Psychic,,50,95,90,95,90,180
387,Turtwig,Turtwig,,Grass,,55,68,64,45,55,31
388,Grotle,Grotle,,Grass,,75,89,85,55,65,36
389,Torterra,Torterra,,Grass,Ground,95,109,105,75,85,56
389,Torterra,Torterra-Mega,Mega,Grass,Ground,115,139,135,75,105,56
390,Chimchar,Chimchar,,Fire,,44,58,44,58,44,61
391,Monferno,Monferno,,Fire,Fighting,64,78,52,78,52,81
392,Infernape,Infernape,,Fire,Fighting,76,104,71,104,71,108
392,Infernape,Infernape-Mega,Mega,Fire,Fighting,76,137,71,137,71,142
393,Piplup,Piplup,,Water,,53,51,53,61,56,40
394,Prinplup,Prinplup,,Water,,64,66,68,81,76,50
395,Empoleon,Empoleon,,Water,Steel,84,86,88,111,101,60
395,Empoleon,Empoleon-MegaO,MegaO,Water,Steel,100,150,75,110,75,120
395,Empoleon,Empoleon-MegaD,MegaD,Water,Steel,140,75,145,75,145,50
396,Starly,Starly,,Normal,Flying,40,55,30,30,30,60
397,Staravia,Staravia,,Normal,Flying,55,75,50,40,40,80
398,Staraptor,Staraptor,,Normal,Flying,85,120,70,50,60,100
399,Bidoof,Bidoof,,Normal,,59,45,40,35,40,31
400,Bibarel,Bibarel,,Normal,Water,79,85,60,55,60,71
401,Kricketot,Kricketot,,Bug,,37,25,41,25,41,25
402,Kricketune,Kricketune,,Bug,,77,85,51,55,51,65
403,Shinx,Shinx,,Electric,,45,65,34,40,34,45
404,Luxio,Luxio,,Electric,,60,85,49,60,49,60
405,Luxray,Luxray,,Electric,Dark,80,120,79,95,79,70
405,Luxray,Luxray-Mega,Mega,Electric,Dark,95,130,79,110,79,130
406,Budew,Budew,,Grass,Poison,40,30,35,50,70,55
407,Roserade,Roserade,,Grass,Poison,60,70,65,125,105,90
407,Roserade,Roserade-Mega,Mega,Grass,Poison,60,70,85,150,120,130
408,Cranidos,Cranidos,,Rock,,67,125,40,30,30,58
409,Rampardos,Rampardos,,Rock,,97,165,60,65,50,58
410,Shieldon,Shieldon,,Rock,Steel,30,42,118,42,88,30
411,Bastiodon,Bastiodon,,Rock,Steel,60,52,168,47,138,30
412,Burmy,Burmy-Plant,Plant,Bug,,40,29,45,29,45,36
412,Burmy,Burmy-Sandy,Sandy,Bug,,40,29,45,29,45,36
412,Burmy,Burmy-Trash,Trash,Bug,,40,29,45,29,45,36
413,Wormadam,Wormadam-Plant,Plant,Bug,Grass,60,59,85,79,105,36
413,Wormadam,Wormadam-Sandy,Sandy,Bug,Ground,60,79,105,59,85,36
413,Wormadam,Wormadam-Trash,Trash,Bug,Steel,60,69,95,69,95,36
414,Mothim,Mothim,,Bug,Flying,70,94,50,94,50,66
415,Combee,Combee,,Bug,Flying,30,30,42,30,42,70
416,Vespiquen,Vespiquen,,Bug,Flying,70,80,102,80,102,40
417,Pachirisu,Pachirisu,,Electric,,60,45,70,45,90,95
418,Buizel,Buizel,,Water,,55,65,35,60,30,85
419,Floatzel,Floatzel,,Water,,85,105,55,85,50,115
420,Cherubi,Cherubi,,Grass,,45,35,45,62,53,35
421,Cherrim,Cherrim,,Grass,,70,60,70,87,78,85
422,Shellos,Shellos,,Water,,76,48,48,57,62,34
423,Gastrodon,Gastrodon,,Water,Ground,111,83,68,92,82,39
424,Ambipom,Ambipom,,Normal,,75,100,66,60,66,115
425,Drifloon,Drifloon,,Ghost,Flying,90,50,34,60,44,70
426,Drifblim,Drifblim,,Ghost,Flying,150,80,44,90,54,80
427,Buneary,Buneary,,Normal,,55,66,44,44,56,85
428,Lopunny,Lopunny,,Normal,,65,76,84,54,96,105
428,Lopunny,Lopunny-Mega,Mega,Normal,Fighting,65,136,94,54,96,135
429,Mismagius,Mismagius,,Ghost,,60,60,60,105,105,105
430,Honchkrow,Honchkrow,,Dark,Flying,100,125,52,105,52,71
431,Glameow,Glameow,,Normal,,49,55,42,42,37,85
432,Purugly,Purugly,,Normal,,71,82,64,64,59,112
433,Chingling,Chingling,,Psychic,,45,30,50,65,50,45
434,Stunky,Stunky,,Poison,Dark,63,63,47,41,41,74
435,Skuntank,Skuntank,,Poison,Dark,103,93,67,71,61,84
436,Bronzor,Bronzor,,Steel,Psychic,57,24,86,24,86,23
437,Bronzong,Bronzong,,Steel,Psychic,67,89,116,79,116,33
438,Bonsly,Bonsly,,Rock,,50,80,95,10,45,10
439,Mime Jr.,Mime Jr.,,Psychic,Fairy,20,25,45,70,90,60
440,Happiny,Happiny,,Normal,,100,5,5,15,65,30
441,Chatot,Chatot,,Normal,Flying,76,65,45,92,42,91
442,Spiritomb,Spiritomb,,Ghost,Dark,50,92,108,92,108,35
443,Gible,Gible,,Dragon,Ground,58,70,45,40,45,42
444,Gabite,Gabite,,Dragon,Ground,68,90,65,50,55,82
445,Garchomp,Garchomp,,Dragon,Ground,108,130,95,80,85,102
445,Garchomp,Garchomp-Mega,Mega,Dragon,Ground,108,170,115,120,95,92
446,Munchlax,Munchlax,,Normal,,135,85,40,40,85,5
447,Riolu,Riolu,,Fighting,,40,70,40,35,40,60
448,Lucario,Lucario,,Fighting,Steel,70,110,70,115,70,90
448,Lucario,Lucario-Mega,Mega,Fighting,Steel,70,145,88,140,70,112
449,Hippopotas,Hippopotas,,Ground,,68,72,78,38,42,32
450,Hippowdon,Hippowdon,,Ground,,108,112,118,68,72,47
451,Skorupi,Skorupi,,Poison,Bug,40,50,90,30,55,65
452,Drapion,Drapion,,Poison,Dark,70,90,110,60,75,95
453,Croagunk,Croagunk,,Poison,Fighting,48,61,40,61,40,50
454,Toxicroak,Toxicroak,,Poison,Fighting,83,106,65,86,65,85
455,Carnivine,Carnivine,,Grass,,74,100,72,90,72,46
456,Finneon,Finneon,,Water,,49,49,56,49,61,66
457,Lumineon,Lumineon,,Water,,69,69,76,69,86,91
458,Mantyke,Mantyke,,Water,Flying,45,20,50,60,120,50
459,Snover,Snover,,Grass,Ice,60,62,50,62,60,40
460,Abomasnow,Abomasnow,,Grass,Ice,90,92,75,92,85,60
460,Abomasnow,Abomasnow-Mega,Mega,Grass,Ice,90,132,105,132,105,30
461,Weavile,Weavile,,Dark,Ice,70,120,65,45,85,125
462,Magnezone,Magnezone,,Electric,Steel,70,70,115,130,90,60
463,Lickilicky,Lickilicky,,Normal,,110,85,95,80,95,50
464,Rhyperior,Rhyperior,,Ground,Rock,115,140,130,55,55,40
465,Tangrowth,Tangrowth,,Grass,,100,100,125,110,50,50
466,Electivire,Electivire,,Electric,,75,123,67,95,85,95
467,Magmortar,Magmortar,,Fire,,75,95,67,125,95,83
468,Togekiss,Togekiss,,Fairy,Flying,85,50,95,120,115,80
469,Yanmega,Yanmega,,Bug,Flying,86,76,86,116,56,95
470,Leafeon,Leafeon,,Grass,,65,110,130,60,65,95
471,Glaceon,Glaceon,,Ice,,65,60,110,130,95,65
472,Gliscor,Gliscor,,Ground,Flying,75,95,125,45,75,95
473,Mamoswine,Mamoswine,,Ice,Ground,110,130,80,70,60,80
474,Porygon-Z,Porygon-Z,,Normal,,85,80,70,135,75,90
475,Gallade,Gallade,,Psychic,Fighting,68,125,65,65,115,80
475,Gallade,Gallade-Mega,Mega,Psychic,Fighting,68,165,95,65,115,110
476,Probopass,Probopass,,Rock,Steel,60,55,145,75,150,40
477,Dusknoir,Dusknoir,,Ghost,,45,100,135,65,135,45
477,Dusknoir,Dusknoir-Mega,Mega,Ghost,Dark,105,110,150,65,150,45
478,Froslass,Froslass,,Ice,Ghost,70,80,70,80,70,110
479,Rotom,Rotom,,Electric,Ghost,50,50,77,95,77,91
479,Rotom,Rotom-Heat,Heat,Electric,Fire,50,65,107,105,107,86
479,Rotom,Rotom-Wash,Wash,Electric,Water,50,65,107,105,107,86
479,Rotom,Rotom-Frost,Frost,Electric,Ice,50,65,107,105,107,86
479,Rotom,Rotom-Fan,Fan,Electric,Flying,50,65,107,105,107,86
479,Rotom,Rotom-Mow,Mow,Electric,Grass,50,65,107,105,107,86
480,Uxie,Uxie,,Psychic,,75,75,130,75,130,95
481,Mesprit,Mesprit,,Psychic,,80,105,105,105,105,80
482,Azelf,Azelf,,Psychic,,75,125,70,125,70,115
483,Dialga,Dialga,,Steel,Dragon,100,120,120,150,100,90
483,Dialga,Dialga-Origin,Origin,Steel,Dragon,100,100,120,150,120,90
484,Palkia,Palkia,,Water,Dragon,90,120,100,150,120,100
484,Palkia,Palkia-Origin,Origin,Water,Dragon,90,100,100,150,120,120
485,Heatran,Heatran,,Fire,Steel,91,90,106,130,106,77
486,Regigigas,Regigigas,,Normal,,110,160,110,80,110,100
487,Giratina,Giratina-Altered,Altered,Ghost,Dragon,150,100,120,100,120,90
487,Giratina,Giratina-Origin,Origin,Ghost,Dragon,150,120,100,120,100,90
488,Cresselia,Cresselia,,Psychic,,120,70,110,75,120,85
489,Phione,Phione,,Water,,80,80,80,80,80,80
490,Manaphy,Manaphy,,Water,,100,100,100,100,100,100
491,Darkrai,Darkrai,,Dark,,70,90,90,135,90,125
492,Shaymin,Shaymin-Land,Land,Grass,,100,100,100,100,100,100
492,Shaymin,Shaymin-Sky,Sky,Grass,Flying,100,103,75,120,75,127
493,Arceus,Arceus,,Normal,,120,120,120,120,120,120
494,Victini,Victini,,Psychic,Fire,100,100,100,100,100,100
495,Snivy,Snivy,,Grass,,45,45,55,45,55,63
496,Servine,Servine,,Grass,,60,60,75,60,75,83
497,Serperior,Serperior,,Grass,,75,75,95,75,95,113
498,Tepig,Tepig,,Fire,,65,63,45,45,45,45
499,Pignite,Pignite,,Fire,Fighting,90,93,55,70,55,55
500,Emboar,Emboar,,Fire,Fighting,110,123,65,100,65,65
501,Oshawott,Oshawott,,Water,,55,55,45,63,45,45
502,Dewott,Dewott,,Water,,75,75,60,83,60,60
503,Samurott,Samurott,,Water,,95,100,85,108,70,70
503,Samurott,Samurott-Hisui,Hisui,Water,Dark,90,108,80,100,65,85
504,Patrat,Patrat,,Normal,,45,55,39,35,39,42
505,Watchog,Watchog,,Normal,,60,85,69,60,69,77
506,Lillipup,Lillipup,,Normal,,45,60,45,25,45,55
507,Herdier,Herdier,,Normal,,65,80,65,35,65,60
508,Stoutland,Stoutland,,Normal,,85,110,90,45,90,80
509,Purrloin,Purrloin,,Dark,,41,50,37,50,37,66
510,Liepard,Liepard,,Dark,,64,88,50,88,50,106
511,Pansage,Pansage,,Grass,,50,53,48,53,48,64
512,Simisage,Simisage,,Grass,,75,98,63,98,63,101
513,Pansear,Pansear,,Fire,,50,53,48,53,48,64
514,Simisear,Simisear,,Fire,,75,98,63,98,63,101
515,Panpour,Panpour,,Water,,50,53,48,53,48,64
516,Simipour,Simipour,,Water,,75,98,63,98,63,101
517,Munna,Munna,,Psychic,,76,25,45,67,55,24
518,Musharna,Musharna,,Psychic,,116,55,85,107,95,29
519,Pidove,Pidove,,Normal,Flying,50,55,50,36,30,43
520,Tranquill,Tranquill,,Normal,Flying,62,77,62,50,42,65
521,Unfezant,Unfezant,,Normal,Flying,80,115,80,65,55,93
522,Blitzle,Blitzle,,Electric,,45,60,32,50,32,76
523,Zebstrika,Zebstrika,,Electric,,75,100,63,80,63,116
524,Roggenrola,Roggenrola,,Rock,,55,75,85,25,25,15
525,Boldore,Boldore,,Rock,,70,105,105,50,40,20
526,Gigalith,Gigalith,,Rock,,85,135,130,60,80,25
527,Woobat,Woobat,,Psychic,Flying,65,45,43,55,43,72
528,Swoobat,Swoobat,,Psychic,Flying,67,57,55,77,55,114
529,Drilbur,Drilbur,,Ground,,60,85,40,30,45,68
530,Excadrill,Excadrill,,Ground,Steel,110,135,60,50,65,88
531,Audino,Audino,,Normal,,103,60,86,60,86,50
531,Audino,Audino-Mega,Mega,Normal,Fairy,103,60,126,80,126,50
532,Timburr,Timburr,,Fighting,,75,80,55,25,35,35
533,Gurdurr,Gurdurr,,Fighting,,85,105,85,40,50,40
534,Conkeldurr,Conkeldurr,,Fighting,,105,140,95,55,65,45
535,Tympole,Tympole,,Water,,50,50,40,50,40,64
536,Palpitoad,Palpitoad,,Water,Ground,75,65,55,65,55,69
537,Seismitoad,Seismitoad,,Water,Ground,105,95,75,85,75,74
538,Throh,Throh,,Fighting,,120,100,85,30,85,45
539,Sawk,Sawk,,Fighting,,75,125,75,30,75,85
540,Sewaddle,Sewaddle,,Bug,Grass,45,53,70,40,60,42
541,Swadloon,Swadloon,,Bug,Grass,55,63,90,50,80,42
542,Leavanny,Leavanny,,Bug,Grass,75,103,80,70,80,92
543,Venipede,Venipede,,Bug,Poison,30,45,59,30,39,57
544,Whirlipede,Whirlipede,,Bug,Poison,40,55,99,40,79,47
545,Scolipede,Scolipede,,Bug,Poison,60,100,89,55,69,112
546,Cottonee,Cottonee,,Grass,Fairy,40,27,60,37,50,66
547,Whimsicott,Whimsicott,,Grass,Fairy,60,67,85,77,75,116
548,Petilil,Petilil,,Grass,,45,35,50,70,50,30
549,Lilligant,Lilligant,,Grass,,70,60,75,110,75,90
549,Lilligant,Lilligant-Hisui,Hisui,Grass,Fighting,70,105,75,50,75,105
550,Basculin,Basculin-Red,Red,Water,,70,92,65,80,55,98
550,Basculin,Basculin-Blue,Blue,Water,,70,92,65,80,55,98
550,Basculin,Basculin-White,White,Water,,70,92,65,80,55,98
551,Sandile,Sandile,,Ground,Dark,50,72,35,35,35,65
552,Krokorok,Krokorok,,Ground,Dark,60,82,45,45,45,74
553,Krookodile,Krookodile,,Ground,Dark,95,117,80,65,70,92
554,Darumaka,Darumaka,,Fire,,70,90,45,15,45,50
554,Darumaka,Darumaka-Galar,Galar,Ice,,70,90,45,15,45,50
555,Darmanitan,Darmanitan-Standard,Standard,Fire,,105,140,55,30,55,95
555,Darmanitan,Darmanitan-Zen,Zen,Fire,Psychic,105,30,105,140,105,55
555,Darmanitan,Darmanitan-GalarStandard,GalarStandard,Ice,,105,140,55,30,55,95
555,Darmanitan,Darmanitan-GalarZen,GalarZen,Ice,Fire,105,160,55,30,55,135
556,Maractus,Maractus,,Grass,,75,86,67,106,67,60
557,Dwebble,Dwebble,,Bug,Rock,50,65,85,35,35,55
558,Crustle,Crustle,,Bug,Rock,70,105,125,65,75,45
559,Scraggy,Scraggy,,Dark,Fighting,50,75,70,35,70,48
560,Scrafty,Scrafty,,Dark,Fighting,65,90,115,45,115,58
561,Sigilyph,Sigilyph,,Psychic,Flying,72,58,80,103,80,97
562,Yamask,Yamask,,Ghost,,38,30,85,55,65,30
562,Yamask,Yamask-Galar,Galar,Ground,Ghost,38,55,85,30,65,30
563,Cofagrigus,Cofagrigus,,Ghost,,58,50,145,95,105,30
564,Tirtouga,Tirtouga,,Water,Rock,54,78,103,53,45,22
565,Carracosta,Carracosta,,Water,Rock,74,108,133,83,65,32
566,Archen,Archen,,Rock,Flying,55,112,45,74,45,70
567,Archeops,Archeops,,Rock,Flying,75,140,65,112,65,110
568,Trubbish,Trubbish,,Poison,,50,50,62,40,62,65
569,Garbodor,Garbodor,,Poison,,80,95,82,60,82,75
570,Zorua,Zorua,,Dark,,40,65,40,80,40,65
570,Zorua,Zorua-Hisui,Hisui,Normal,Ghost,35,60,40,85,40,70
571,Zoroark,Zoroark,,Dark,,60,105,60,120,60,105
571,Zoroark,Zoroark-Hisui,Hisui,Normal,Ghost,55,100,60,125,60,110
572,Minccino,Minccino,,Normal,,55,50,40,40,40,75
573,Cinccino,Cinccino,,Normal,,75,95,60,65,60,115
574,Gothita,Gothita,,Psychic,,45,30,50,55,65,45
575,Gothorita,Gothorita,,Psychic,,60,45,70,75,85,55
576,Gothitelle,Gothitelle,,Psychic,,70,55,95,95,110,65
577,Solosis,Solosis,,Psychic,,45,30,40,105,50,20
578,Duosion,Duosion,,Psychic,,65,40,50,125,60,30
579,Reuniclus,Reuniclus,,Psychic,,110,65,75,125,85,30
580,Ducklett,Ducklett,,Water,Flying,62,44,50,44,50,55
581,Swanna,Swanna,,Water,Flying,75,87,63,87,63,98
582,Vanillite,Vanillite,,Ice,,36,50,50,65,60,44
583,Vanillish,Vanillish,,Ice,,51,65,65,80,75,59
584,Vanilluxe,Vanilluxe,,Ice,,71,95,85,110,95,79
585,Deerling,Deerling,,Normal,Grass,60,60,50,40,50,75
586,Sawsbuck,Sawsbuck,,Normal,Grass,80,100,70,60,70,95
587,Emolga,Emolga,,Electric,Flying,55,75,60,75,60,103
588,Karrablast,Karrablast,,Bug,,50,75,45,40,45,60
589,Escavalier,Escavalier,,Bug,Steel,70,135,105,60,105,20
590,Foongus,Foongus,,Grass,Poison,69,55,45,55,55,15
591,Amoonguss,Amoonguss,,Grass,Poison,114,85,70,85,80,30
592,Frillish,Frillish,,Water,Ghost,55,40,50,65,85,40
593,Jellicent,Jellicent,,Water,Ghost,100,60,70,85,105,60
594,Alomomola,Alomomola,,Water,,165,75,80,40,45,65
595,Joltik,Joltik,,Bug,Electric,50,47,50,57,50,65
596,Galvantula,Galvantula,,Bug,Electric,70,77,60,97,60,108
597,Ferroseed,Ferroseed,,Grass,Steel,44,50,91,24,86,10
598,Ferrothorn,Ferrothorn,,Grass,Steel,74,94,131,54,116,20
599,Klink,Klink,,Steel,,40,55,70,45,60,30
600,Klang,Klang,,Steel,,60,80,95,70,85,50
601,Klinklang,Klinklang,,Steel,,60,100,115,70,85,90
602,Tynamo,Tynamo,,Electric,,35,55,40,45,40,60
603,Eelektrik,Eelektrik,,Electric,,65,85,70,75,70,40
604,Eelektross,Eelektross,,Electric,,85,115,80,105,80,50
605,Elgyem,Elgyem,,Psychic,,55,55,55,85,55,30
606,Beheeyem,Beheeyem,,Psychic,,75,75,75,125,95,40
607,Litwick,Litwick,,Ghost,Fire,50,30,55,65,55,20
608,Lampent,Lampent,,Ghost,Fire,60,40,60,95,60,55
609,Chandelure,Chandelure,,Ghost,Fire,60,55,90,145,90,80
610,Axew,Axew,,Dragon,,46,87,60,30,40,57
611,Fraxure,Fraxure,,Dragon,,66,117,70,40,50,67
612,Haxorus,Haxorus,,Dragon,,76,147,90,60,70,97
613,Cubchoo,Cubchoo,,Ice,,55,70,40,60,40,40
614,Beartic,Beartic,,Ice,,95,130,80,70,80,50
615,Cryogonal,Cryogonal,,Ice,,80,50,50,95,135,105
616,Shelmet,Shelmet,,Bug,,50,40,85,40,65,25
617,Accelgor,Accelgor,,Bug,,80,70,40,100,60,145
618,Stunfisk,Stunfisk,,Ground,Electric,109,66,84,81,99,32
618,Stunfisk,Stunfisk-Galar,Galar,Ground,Steel,109,81,99,66,84,32
619,Mienfoo,Mienfoo,,Fighting,,45,85,50,55,50,65
620,Mienshao,Mienshao,,Fighting,,65,125,60,95,60,105
621,Druddigon,Druddigon,,Dragon,,77,120,90,60,90,48
622,Golett,Golett,,Ground,Ghost,59,74,50,35,50,35
623,Golurk,Golurk,,Ground,Ghost,89,124,80,55,80,55
624,Pawniard,Pawniard,,Dark,Steel,45,85,70,40,40,60
625,Bisharp,Bisharp,,Dark,Steel,65,125,100,60,70,70
626,Bouffalant,Bouffalant,,Normal,,95,110,95,40,95,55
627,Rufflet,Rufflet,,Normal,Flying,70,83,50,37,50,60
628,Braviary,Braviary,,Normal,Flying,100,123,75,57,75,80
628,Braviary,Braviary-Hisui,Hisui,Psychic,Flying,110,83,70,112,70,65
629,Vullaby,Vullaby,,Dark,Flying,70,55,75,45,65,60
630,Mandibuzz,Mandibuzz,,Dark,Flying,110,65,105,55,95,80
631,Heatmor,Heatmor,,Fire,,85,97,66,105,66,65
632,Durant,Durant,,Bug,Steel,58,109,112,48,48,109
633,Deino,Deino,,Dark,Dragon,52,65,50,45,50,38
634,Zweilous,Zweilous,,Dark,Dragon,72,85,70,65,70,58
635,Hydreigon,Hydreigon,,Dark,Dragon,92,105,90,125,90,98
636,Larvesta,Larvesta,,Bug,Fire,55,85,55,50,55,60
637,Volcarona,Volcarona,,Bug,Fire,85,60,65,135,105,100
638,Cobalion,Cobalion,,Steel,Fighting,91,90,129,90,72,108
639,Terrakion,Terrakion,,Rock,Fighting,91,129,90,72,90,108
640,Virizion,Virizion,,Grass,Fighting,91,90,72,90,129,108
641,Tornadus,Tornadus-Incarnate,Incarnate,Flying,,79,115,70,125,80,111
641,Tornadus,Tornadus-Therian,Therian,Flying,,79,100,80,110,90,121
642,Thundurus,Thundurus-Incarnate,Incarnate,Electric,Flying,79,115,70,125,80,111
642,Thundurus,Thundurus-Therian,Therian,Electric,Flying,79,105,70,145,80,101
643,Reshiram,Reshiram,,Dragon,Fire,100,120,100,150,120,90
644,Zekrom,Zekrom,,Dragon,Electric,100,150,120,120,100,90
645,Landorus,Landorus-Incarnate,Incarnate,Ground,Flying,89,125,90,115,80,101
645,Landorus,Landorus-Therian,Therian,Ground,Flying,89,145,90,105,80,91
646,Kyurem,Kyurem,,Dragon,Ice,125,130,90,130,90,95
646,Kyurem,Kyurem-White,White,Dragon,Ice,125,120,90,170,100,95
646,Kyurem,Kyurem-Black,Black,Dragon,Ice,125,170,100,120,90,95
647,Keldeo,Keldeo-Ordinary,Ordinary,Water,Fighting,91,72,90,129,90,108
647,Keldeo,Keldeo-Resolute,Resolute,Water,Fighting,91,72,90,129,90,108
648,Meloetta,Meloetta-Aria,Aria,Normal,Psychic,100,77,77,128,128,90
648,Meloetta,Meloetta-Pirouette,Pirouette,Normal,Fighting,100,128,90,77,77,128
649,Genesect,Genesect,,Bug,Steel,71,120,95,120,95,99
650,Chespin,Chespin,,Grass,,56,61,65,48,45,38
651,Quilladin,Quilladin,,Grass,,61,78,95,56,58,57
652,Chesnaught,Chesnaught,,Grass,Fighting,88,107,122,74,75,64
653,Fennekin,Fennekin,,Fire,,40,45,40,62,60,60
654,Braixen,Braixen,,Fire,,59,59,58,90,70,73
655,Delphox,Delphox,,Fire,Psychic,75,69,72,114,100,104
656,Froakie,Froakie,,Water,,41,56,40,62,44,71
657,Frogadier,Frogadier,,Water,,54,63,52,83,56,97
658,Greninja,Greninja,,Water,Dark,72,95,67,103,71,122
658,Greninja,Greninja-Ash,Ash,Water,Dark,72,145,67,153,71,132
659,Bunnelby,Bunnelby,,Normal,,38,36,38,32,36,57
660,Diggersby,Diggersby,,Normal,Ground,85,56,77,50,77,78
661,Fletchling,Fletchling,,Normal,Flying,45,50,43,40,38,62
662,Fletchinder,Fletchinder,,Fire,Flying,62,73,55,56,52,84
663,Talonflame,Talonflame,,Fire,Flying,78,81,71,74,69,126
664,Scatterbug,Scatterbug,,Bug,,38,35,40,27,25,35
665,Spewpa,Spewpa,,Bug,,45,22,60,27,30,29
666,Vivillon,Vivillon,,Bug,Flying,80,52,50,90,50,89
667,Litleo,Litleo,,Fire,Normal,62,50,58,73,54,72
668,Pyroar,Pyroar,,Fire,Normal,86,68,72,109,66,106
669,Flabébé,Flabébé,,Fairy,,44,38,39,61,79,42
670,Floette,Floette,,Fairy,,54,45,47,75,98,52
671,Florges,Florges,,Fairy,,78,65,68,112,154,75
672,Skiddo,Skiddo,,Grass,,66,65,48,62,57,52
673,Gogoat,Gogoat,,Grass,,123,100,62,97,81,68
674,Pancham,Pancham,,Fighting,,67,82,62,46,48,43
675,Pangoro,Pangoro,,Fighting,Dark,95,124,78,69,71,58
676,Furfrou,Furfrou,,Normal,,75,80,60,65,90,102
677,Espurr,Espurr,,Psychic,,62,48,54,63,60,68
678,Meowstic,Meowstic-Male,Male,Psychic,,74,48,76,83,81,104
678,Meowstic,Meowstic-Female,Female,Psychic,,74,48,76,83,81,104
679,Honedge,Honedge,,Steel,Ghost,45,80,100,35,37,28
680,Doublade,Doublade,,Steel,Ghost,59,110,150,45,49,35
681,Aegislash,Aegislash-Shield,Shield,Steel,Ghost,60,50,140,50,140,60
681,Aegislash,Aegislash-Blade,Blade,Steel,Ghost,60,140,50,140,50,60
682,Spritzee,Spritzee,,Fairy,,78,52,60,63,65,23
683,Aromatisse,Aromatisse,,Fairy,,101,72,72,99,89,29
684,Swirlix,Swirlix,,Fairy,,62,48,66,59,57,49
685,Slurpuff,Slurpuff,,Fairy,,82,80,86,85,75,72
686,Inkay,Inkay,,Dark,Psychic,53,54,53,37,46,45
687,Malamar,Malamar,,Dark,Psychic,86,92,88,68,75,73
688,Binacle,Binacle,,Rock,Water,42,52,67,39,56,50
689,Barbaracle,Barbaracle,,Rock,Water,72,105,115,54,86,68
690,Skrelp,Skrelp,,Poison,Water,50,60,60,60,60,30
691,Dragalge,Dragalge,,Poison,Dragon,65,75,90,97,123,44
692,Clauncher,Clauncher,,Water,,50,53,62,58,63,44
693,Clawitzer,Clawitzer,,Water,,71,73,88,120,89,59
694,Helioptile,Helioptile,,Electric,Normal,44,38,33,61,43,70
695,Heliolisk,Heliolisk,,Electric,Normal,62,55,52,109,94,109
696,Tyrunt,Tyrunt,,Rock,Dragon,58,89,77,45,45,48
697,Tyrantrum,Tyrantrum,,Rock,Dragon,82,121,119,69,59,71
698,Amaura,Amaura,,Rock,Ice,77,59,50,67,63,46
699,Aurorus,Aurorus,,Rock,Ice,123,77,72,99,92,58
700,Sylveon,Sylveon,,Fairy,,95,65,65,110,130,60
701,Hawlucha,Hawlucha,,Fighting,Flying,78,92,75,74,63,118
702,Dedenne,Dedenne,,Electric,Fairy,67,58,57,81,67,101
703,Carbink,Carbink,,Rock,Fairy,50,50,150,50,150,50
704,Goomy,Goomy,,Dragon,,45,50,35,55,75,40
705,Sliggoo,Sliggoo,,Dragon,,68,75,53,83,113,60
705,Sliggoo,Sliggoo-Hisui,Hisui,Steel,Dragon,58,75,83,83,113,40
706,Goodra,Goodra,,Dragon,,90,100,70,110,150,80
706,Goodra,Goodra-Hisui,Hisui,Steel,Dragon,80,100,100,110,150,60
707,Klefki,Klefki,,Steel,Fairy,57,80,91,80,87,75
708,Phantump,Phantump,,Ghost,Grass,43,70,48,50,60,38
709,Trevenant,Trevenant,,Ghost,Grass,85,110,76,65,82,56
710,Pumpkaboo,Pumpkaboo-Average,Average,Ghost,Grass,49,66,70,44,55,51
710,Pumpkaboo,Pumpkaboo-Small,Small,Ghost,Grass,44,66,70,44,55,56
710,Pumpkaboo,Pumpkaboo-Large,Large,Ghost,Grass,54,66,70,44,55,46
710,Pumpkaboo,Pumpkaboo-Super,Super,Ghost,Grass,59,66,70,44,55,41
711,Gourgeist,Gourgeist-Average,Average,Ghost,Grass,65,90,122,58,75,84
711,Gourgeist,Gourgeist-Small,Small,Ghost,Grass,55,85,122,58,75,99
711,Gourgeist,Gourgeist-Large,Large,Ghost,Grass,75,95,122,58,75,69
711,Gourgeist,Gourgeist-Super,Super,Ghost,Grass,85,100,122,58,75,54
712,Bergmite,Bergmite,,Ice,,55,69,85,32,35,28
713,Avalugg,Avalugg,,Ice,,95,117,184,44,46,28
713,Avalugg,Avalugg-Hisui,Hisui,Ice,Rock,95,127,184,34,36,38
714,Noibat,Noibat,,Flying,Dragon,40,30,35,45,40,55
715,Noivern,Noivern,,Flying,Dragon,85,70,80,97,80,123
716,Xerneas,Xerneas,,Fairy,,126,131,95,131,98,99
717,Yveltal,Yveltal,,Dark,Flying,126,131,95,131,98,99
718,Zygarde,Zygarde-50%,50%,Dragon,Ground,108,100,121,81,95,95
718,Zygarde,Zygarde-10%,10%,Dragon,Ground,54,100,71,61,85,115
718,Zygarde,Zygarde-Complete,Complete,Dragon,Ground,216,100,121,91,95,85
719,Diancie,Diancie,,Rock,Fairy,50,100,150,100,150,50
719,Diancie,Diancie-Mega,Mega,Rock,Fairy,50,160,110,160,110,110
720,Hoopa,Hoopa-Confined,Confined,Psychic,Ghost,80,110,60,150,130,70
720,Hoopa,Hoopa-Unbound,Unbound,Psychic,Dark,80,160,60,170,130,80
721,Volcanion,Volcanion,,Fire,Water,80,110,120,130,90,70
722,Rowlet,Rowlet,,Grass,Flying,68,55,55,50,50,42
723,Dartrix,Dartrix,,Grass,Flying,78,75,75,70,70,52
724,Decidueye,Decidueye,,Grass,Ghost,78,107,75,100,100,70
724,Decidueye,Decidueye-Hisui,Hisui,Grass,Fighting,88,112,80,95,95,60
725,Litten,Litten,,Fire,,45,65,40,60,40,70
726,Torracat,Torracat,,Fire,,65,85,50,80,50,90
727,Incineroar,Incineroar,,Fire,Dark,95,115,90,80,90,60
728,Popplio,Popplio,,Water,,50,54,54,66,56,40
729,Brionne,Brionne,,Water,,60,69,69,91,81,50
730,Primarina,Primarina,,Water,Fairy,80,74,74,126,116,60
731,Pikipek,Pikipek,,Normal,Flying,35,75,30,30,30,65
732,Trumbeak,Trumbeak,,Normal,Flying,55,85,50,40,50,75
733,Toucannon,Toucannon,,Normal,Flying,80,120,75,75,75,60
734,Yungoos,Yungoos,,Normal,,48,70,30,30,30,45
735,Gumshoos,Gumshoos,,Normal,,88,110,60,55,60,45
736,Grubbin,Grubbin,,Bug,,47,62,45,55,45,46
737,Charjabug,Charjabug,,Bug,Electric,57,82,95,55,75,36
738,Vikavolt,Vikavolt,,Bug,Electric,77,70,90,145,75,43
739,Crabrawler,Crabrawler,,Fighting,,47,82,57,42,47,63
740,Crabominable,Crabominable,,Fighting,Ice,97,132,77,62,67,43
741,Oricorio,Oricorio-Baile,Baile,Fire,Flying,75,70,70,98,70,93
741,Oricorio,Oricorio-PomPom,PomPom,Electric,Flying,75,70,70,98,70,93
741,Oricorio,Oricorio-Pa'u,Pa'u,Psychic,Flying,75,70,70,98,70,93
741,Oricorio,Oricorio-Sensu,Sensu,Ghost,Flying,75,70,70,98,70,93
742,Cutiefly,Cutiefly,,Bug,Fairy,40,45,40,55,40,84
743,Ribombee,Ribombee,,Bug,Fairy,60,55,60,95,70,124
744,Rockruff,Rockruff,,Rock,,45,65,40,30,40,60
744,Rockruff,Rockruff-OwnTempo,OwnTempo,Rock,,45,65,40,30,40,60
745,Lycanroc,Lycanroc-Midday,Midday,Rock,,75,115,65,55,65,112
745,Lycanroc,Lycanroc-Midnight,Midnight,Rock,,85,115,75,55,75,82
745,Lycanroc,Lycanroc-Dusk,Dusk,Rock,,75,117,65,55,65,110
746,Wishiwashi,Wishiwashi-Solo,Solo,Water,,45,20,20,25,25,40
746,Wishiwashi,Wishiwashi-School,School,Water,,45,140,130,140,135,30
747,Mareanie,Mareanie,,Poison,Water,50,53,62,43,52,45
748,Toxapex,Toxapex,,Poison,Water,50,63,152,53,142,35
749,Mudbray,Mudbray,,Ground,,70,100,70,45,55,45
750,Mudsdale,Mudsdale,,Ground,,100,125,100,55,85,35
751,Dewpider,Dewpider,,Water,Bug,38,40,52,40,72,27
752,Araquanid,Araquanid,,Water,Bug,68,70,92,50,132,42
753,Fomantis,Fomantis,,Grass,,40,55,35,50,35,35
754,Lurantis,Lurantis,,Grass,,70,105,90,80,90,45
755,Morelull,Morelull,,Grass,Fairy,40,35,55,65,75,15
756,Shiinotic,Shiinotic,,Grass,Fairy,60,45,80,90,100,30
757,Salandit,Salandit,,Poison,Fire,48,44,40,71,40,77
758,Salazzle,Salazzle,,Poison,Fire,68,64,60,111,60,117
759,Stufful,Stufful,,Normal,Fighting,70,75,50,45,50,50
760,Bewear,Bewear,,Normal,Fighting,120,125,80,55,60,60
761,Bounsweet,Bounsweet,,Grass,,42,30,38,30,38,32
762,Steenee,Steenee,,Grass,,52,40,48,40,48,62
763,Tsareena,Tsareena,,Grass,,72,120,98,50,98,72
764,Comfey,Comfey,,Fairy,,51,52,90,82,110,100
765,Oranguru,Oranguru,,Normal,Psychic,90,60,80,90,110,60
766,Passimian,Passimian,,Fighting,,100,120,90,40,60,80
767,Wimpod,Wimpod,,Bug,Water,25,35,40,20,30,80
768,Golisopod,Golisopod,,Bug,Water,75,125,140,60,90,40
769,Sandygast,Sandygast,,Ghost,Ground,55,55,80,70,45,15
770,Palossand,Palossand,,Ghost,Ground,85,75,110,100,75,35
771,Pyukumuku,Pyukumuku,,Water,,55,60,130,30,130,5
772,Type: Null,Type: Null,,Normal,,95,95,95,95,95,59
773,Silvally,Silvally,,Normal,,95,95,95,95,95,95
774,Minior,Minior-Meteor,Meteor,Rock,Flying,60,60,100,60,100,60
774,Minior,Minior-Core,Core,Rock,Flying,60,100,60,100,60,120
775,Komala,Komala,,Normal,,65,115,65,75,95,65
776,Turtonator,Turtonator,,Fire,Dragon,60,78,135,91,85,36
777,Togedemaru,Togedemaru,,Electric,Steel,65,98,63,40,73,96
778,Mimikyu,Mimikyu,,Ghost,Fairy,55,90,80,50,105,96
779,Bruxish,Bruxish,,Water,Psychic,68,105,70,70,70,92
780,Drampa,Drampa,,Normal,Dragon,78,60,85,135,91,36
781,Dhelmise,Dhelmise,,Ghost,Grass,70,131,100,86,90,40
782,Jangmo-o,Jangmo-o,,Dragon,,45,55,65,45,45,45
783,Hakamo-o,Hakamo-o,,Dragon,Fighting,55,75,90,65,70,65
784,Kommo-o,Kommo-o,,Dragon,Fighting,75,110,125,100,105,85
785,Tapu Koko,Tapu Koko,,Electric,Fairy,70,115,85,95,75,130
786,Tapu Lele,Tapu Lele,,Psychic,Fairy,70,85,75,130,115,95
787,Tapu Bulu,Tapu Bulu,,Grass,Fairy,70,130,115,85,95,75
788,Tapu Fini,Tapu Fini,,Water,Fairy,70,75,115,95,130,85
789,Cosmog,Cosmog,,Psychic,,43,29,31,29,31,37
790,Cosmoem,Cosmoem,,Psychic,,43,29,131,29,131,37
791,Solgaleo,Solgaleo,,Psychic,Steel,137,137,107,113,89,97
792,Lunala,Lunala,,Psychic,Ghost,137,113,89,137,107,97
793,Nihilego,Nihilego,,Rock,Poison,109,53,47,127,131,103
794,Buzzwole,Buzzwole,,Bug,Fighting,107,139,139,53,53,79
795,Pheromosa,Pheromosa,,Bug,Fighting,71,137,37,137,37,151
796,Xurkitree,Xurkitree,,Electric,,83,89,71,173,71,83
797,Celesteela,Celesteela,,Steel,Flying,97,101,103,107,101,61
798,Kartana,Kartana,,Grass,Steel,59,181,131,59,31,109
799,Guzzlord,Guzzlord,,Dark,Dragon,223,101,53,97,53,43
800,Necrozma,Necrozma,,Psychic,,97,107,101,127,89,79
800,Necrozma,Necrozma-DuskMane,DuskMane,Psychic,Steel,97,157,127,113,109,77
800,Necrozma,Necrozma-DawnWings,DawnWings,Psychic,Ghost,97,113,109,157,127,77
800,Necrozma,Necrozma-Ultra,Ultra,Psychic,Dragon,97,167,97,167,97,129
801,Magearna,Magearna,,Steel,Fairy,80,95,115,130,115,65
802,Marshadow,Marshadow,,Fighting,Ghost,90,125,80,90,90,125
803,Poipole,Poipole,,Poison,,67,73,67,73,67,73
804,Naganadel,Naganadel,,Poison,Dragon,73,73,73,127,73,121
805,Stakataka,Stakataka,,Rock,Steel,61,131,211,53,101,13
806,Blacephalon,Blacephalon,,Fire,Ghost,53,127,53,151,79,107
807,Zeraora,Zeraora,,Electric,,88,112,75,102,80,143
808,Meltan,Meltan,,Steel,,46,65,65,55,35,34
809,Melmetal,Melmetal,,Steel,,135,143,143,80,65,34
810,Grookey,Grookey,,Grass,,50,65,50,40,40,65
811,Thwackey,Thwackey,,Grass,,70,85,70,55,60,80
812,Rillaboom,Rillaboom,,Grass,,100,125,90,60,70,85
813,Scorbunny,Scorbunny,,Fire,,50,71,40,40,40,69
814,Raboot,Raboot,,Fire,,65,86,60,55,60,94
815,Cinderace,Cinderace,,Fire,,80,116,75,65,75,119
816,Sobble,Sobble,,Water,,50,40,40,70,40,70
817,Drizzile,Drizzile,,Water,,65,60,55,95,55,90
818,Inteleon,Inteleon,,Water,,70,85,65,125,65,120
819,Skwovet,Skwovet,,Normal,,70,55,55,35,35,25
820,Greedent,Greedent,,Normal,,120,95,95,55,75,20
821,Rookidee,Rookidee,,Flying,,38,47,35,33,35,57
822,Corvisquire,Corvisquire,,Flying,,68,67,55,43,55,77
823,Corviknight,Corviknight,,Flying,Steel,98,87,105,53,85,67
824,Blipbug,Blipbug,,Bug,,25,20,20,25,45,45
825,Dottler,Dottler,,Bug,Psychic,50,35,80,50,90,30
826,Orbeetle,Orbeetle,,Bug,Psychic,60,45,110,80,120,90
827,Nickit,Nickit,,Dark,,40,28,28,47,52,50
828,Thievul,Thievul,,Dark,,70,58,58,87,92,90
829,Gossifleur,Gossifleur,,Grass,,40,40,60,40,60,10
830,Eldegoss,Eldegoss,,Grass,,60,50,90,80,120,60
831,Wooloo,Wooloo,,Normal,,42,40,55,40,45,48
832,Dubwool,Dubwool,,Normal,,72,80,100,60,90,88
833,Chewtle,Chewtle,,Water,,50,64,50,38,38,44
834,Drednaw,Drednaw,,Water,Rock,90,115,90,48,68,74
835,Yamper,Yamper,,Electric,,59,45,50,40,50,26
836,Boltund,Boltund,,Electric,,69,90,60,90,60,121
837,Rolycoly,Rolycoly,,Rock,,30,40,50,40,50,30
838,Carkol,Carkol,,Rock,Fire,80,60,90,60,70,50
839,Coalossal,Coalossal,,Rock,Fire,110,80,120,80,90,30
840,Applin,Applin,,Grass,Dragon,40,40,80,40,40,20
841,Flapple,Flapple,,Grass,Dragon,70,110,80,95,60,70
842,Appletun,Appletun,,Grass,Dragon,110,85,80,100,80,30
843,Silicobra,Silicobra,,Ground,,52,57,75,35,50,46
844,Sandaconda,Sandaconda,,Ground,,72,107,125,65,70,71
845,Cramorant,Cramorant,,Flying,Water,70,85,55,85,95,85
846,Arrokuda,Arrokuda,,Water,,41,63,40,40,30,66
847,Barraskewda,Barraskewda,,Water,,61,123,60,60,50,136
848,Toxel,Toxel,,Electric,Poison,40,38,35,54,35,40
849,Toxtricity,Toxtricity-Amped,Amped,Electric,Poison,75,98,70,114,70,75
849,Toxtricity,Toxtricity-LowKey,LowKey,Electric,Poison,75,98,70,114,70,75
850,Sizzlipede,Sizzlipede,,Fire,Bug,50,65,45,50,50,45
851,Centiskorch,Centiskorch,,Fire,Bug,100,115,65,90,90,65
852,Clobbopus,Clobbopus,,Fighting,,50,68,60,50,50,32
853,Grapploct,Grapploct,,Fighting,,80,118,90,70,80,42
854,Sinistea,Sinistea,,Ghost,,40,45,45,74,54,50
855,Polteageist,Polteageist,,Ghost,,60,65,65,134,114,70
856,Hatenna,Hatenna,,Psychic,,42,30,45,56,53,39
857,Hattrem,Hattrem,,Psychic,,57,40,65,86,73,49
858,Hatterene,Hatterene,,Psychic,Fairy,57,90,95,136,103,29
859,Impidimp,Impidimp,,Dark,Fairy,45,45,30,55,40,50
860,Morgrem,Morgrem,,Dark,Fairy,65,60,45,75,55,70
861,Grimmsnarl,Grimmsnarl,,Dark,Fairy,95,120,65,95,75,60
861,Grimmsnarl,Grimmsnarl-Mega,Mega,Dark,Fairy,115,150,95,145,95,60
862,Obstagoon,Obstagoon,,Dark,Normal,93,90,101,60,81,95
863,Perrserker,Perrserker,,Steel,,70,110,100,50,60,50
864,Cursola,Cursola,,Ghost,,60,95,50,145,130,30
865,Sirfetch'd,Sirfetch'd,,Fighting,,62,135,95,68,82,65
866,Mr. Rime,Mr. Rime,,Ice,Psychic,80,85,75,110,100,70
867,Runerigus,Runerigus,,Ground,Ghost,58,95,145,50,105,30
868,Milcery,Milcery,,Fairy,,45,40,40,50,61,34
869,Alcremie,Alcremie,,Fairy,,65,60,75,110,121,64
870,Falinks,Falinks,,Fighting,,65,100,100,70,60,75
871,Pincurchin,Pincurchin,,Electric,,48,101,95,91,85,15
872,Snom,Snom,,Ice,Bug,30,25,35,45,30,20
873,Frosmoth,Frosmoth,,Ice,Bug,70,65,60,125,90,65
874,Stonjourner,Stonjourner,,Rock,,100,125,135,20,20,70
875,Eiscue,Eiscue-IceFace,IceFace,Ice,,75,80,110,65,90,50
875,Eiscue,Eiscue-NoiceFace,NoiceFace,Ice,,75,80,70,65,50,130
876,Indeedee,Indeedee-Male,Male,Psychic,Normal,60,65,55,105,95,95
876,Indeedee,Indeedee-Female,Female,Psychic,Normal,70,55,65,95,105,85
877,Morpeko,Morpeko-Full,Full,Electric,Dark,58,95,58,70,58,97
877,Morpeko,Morpeko-Hangry,Hangry,Electric,Dark,58,95,58,70,58,97
878,Cufant,Cufant,,Steel,,72,80,49,40,49,40
879,Copperajah,Copperajah,,Steel,,122,130,69,80,69,30
880,Dracozolt,Dracozolt,,Electric,Dragon,90,100,90,80,70,75
881,Arctozolt,Arctozolt,,Electric,Ice,90,100,90,90,80,55
882,Dracovish,Dracovish,,Water,Dragon,90,90,100,70,80,75
883,Arctovish,Arctovish,,Water,Ice,90,90,100,80,90,55
884,Duraludon,Duraludon,,Steel,Dragon,70,95,115,120,50,85
885,Dreepy,Dreepy,,Dragon,Ghost,28,60,30,40,30,82
886,Drakloak,Drakloak,,Dragon,Ghost,68,80,50,60,50,102
887,Dragapult,Dragapult,,Dragon,Ghost,88,120,75,100,75,142
888,Zacian,Zacian-Hero,Hero,Fairy,,92,120,115,80,115,138
888,Zacian,Zacian-Crowned,Crowned,Fairy,Steel,92,150,115,80,115,148
889,Zamazenta,Zamazenta-Hero,Hero,Fighting,,92,120,115,80,115,138
889,Zamazenta,Zamazenta-Crowned,Crowned,Fighting,Steel,92,120,140,80,140,128
890,Eternatus,Eternatus,,Poison,Dragon,140,85,95,145,95,130
890,Eternatus,Eternatus-Eternamax,Eternamax,Poison,Dragon,255,115,250,125,250,130
891,Kubfu,Kubfu,,Fighting,,60,90,60,53,50,72
892,Urshifu,Urshifu-Single,Single,Fighting,Dark,100,130,100,63,60,97
892,Urshifu,Urshifu-Rapid,Rapid,Fighting,Water,100,130,100,63,60,97
893,Zarude,Zarude,,Dark,Grass,105,120,105,70,95,105
894,Regieleki,Regieleki,,Electric,,80,100,50,100,50,200
895,Regidrago,Regidrago,,Dragon,,200,100,50,100,50,80
896,Glastrier,Glastrier,,Ice,,100,145,130,65,110,30
897,Spectrier,Spectrier,,Ghost,,100,65,60,145,80,130
898,Calyrex,Calyrex,,Psychic,Grass,100,80,80,80,80,80
898,Calyrex,Calyrex-Ice,Ice,Psychic,Ice,100,165,150,85,130,50
898,Calyrex,Calyrex-Shadow,Shadow,Psychic,Ghost,100,85,80,165,100,150
899,Wyrdeer,Wyrdeer,,Normal,Psychic,103,105,72,105,75,65
900,Kleavor,Kleavor,,Bug,Rock,70,135,95,45,70,85
901,Ursaluna,Ursaluna,,Ground,Normal,130,140,105,45,80,50
901,Ursaluna,Ursaluna-Bloodmoon,Bloodmoon,Ground,Normal,113,70,120,135,65,52
902,Basculegion,Basculegion-Male,Male,Water,Ghost,120,112,65,80,75,78
902,Basculegion,Basculegion-Female,Female,Water,Ghost,120,92,65,100,75,78
903,Sneasler,Sneasler,,Fighting,Poison,80,130,60,40,80,120
904,Overqwil,Overqwil,,Dark,Poison,85,115,95,65,65,85
905,Enamorus,Enamorus-Incarnate,Incarnate,Fairy,Flying,74,115,70,135,80,106
905,Enamorus,Enamorus-Therian,Therian,Fairy,Flying,74,115,110,135,100,46
906,Sprigatito,Sprigatito,,Grass,,40,61,54,45,45,65
907,Floragato,Floragato,,Grass,,61,80,63,60,63,83
908,Meowscarada,Meowscarada,,Grass,Dark,76,110,70,81,70,123
909,Fuecoco,Fuecoco,,Fire,,67,45,59,63,40,36
910,Crocalor,Crocalor,,Fire,,81,55,78,90,58,49
911,Skeledirge,Skeledirge,,Fire,Ghost,104,75,100,110,75,66
912,Quaxly,Quaxly,,Water,,55,65,45,50,45,50
913,Quaxwell,Quaxwell,,Water,,70,85,65,65,60,65
914,Quaquaval,Quaquaval,,Water,Fighting,85,120,80,85,75,85
915,Lechonk,Lechonk,,Normal,,54,45,40,35,45,35
916,Oinkologne,Oinkologne-Male,Male,Normal,,110,100,75,59,80,65
916,Oinkologne,Oinkologne-Female,Female,Normal,,115,90,70,59,90,65
917,Tarountula,Tarountula,,Bug,,35,41,45,29,40,20
918,Spidops,Spidops,,Bug,,60,79,92,52,86,35
919,Nymble,Nymble,,Bug,,33,46,40,21,25,45
920,Lokix,Lokix,,Bug,Dark,71,102,78,52,55,92
921,Pawmi,Pawmi,,Electric,,45,50,20,40,25,60
922,Pawmo,Pawmo,,Electric,Fighting,60,75,40,50,40,85
923,Pawmot,Pawmot,,Electric,Fighting,70,115,70,70,60,105
924,Tandemaus,Tandemaus,,Normal,,50,50,45,40,45,75
925,Maushold,Maushold-Four,Four,Normal,,74,75,70,65,75,111
925,Maushold,Maushold-Three,Three,Normal,,74,75,70,65,75,111
926,Fidough,Fidough,,Fairy,,37,55,70,30,55,65
927,Dachsbun,Dachsbun,,Fairy,,57,80,115,50,80,95
928,Smoliv,Smoliv,,Grass,Normal,41,35,45,58,51,30
929,Dolliv,Dolliv,,Grass,Normal,52,53,60,78,78,33
930,Arboliva,Arboliva,,Grass,Normal,78,69,90,125,109,39
931,Squawkabilly,Squawkabilly-Green,Green,Normal,Flying,82,96,51,45,51,92
931,Squawkabilly,Squawkabilly-Blue,Blue,Normal,Flying,82,96,51,45,51,92
931,Squawkabilly,Squawkabilly-Yellow,Yellow,Normal,Flying,82,96,51,45,51,92
931,Squawkabilly,Squawkabilly-White,White,Normal,Flying,82,96,51,45,51,92
932,Nacli,Nacli,,Rock,,55,55,75,35,35,25
933,Naclstack,Naclstack,,Rock,,60,60,100,35,65,35
934,Garganacl,Garganacl,,Rock,,100,100,130,45,90,35
935,Charcadet,Charcadet,,Fire,,40,50,40,50,40,35
936,Armarouge,Armarouge,,Fire,Psychic,85,60,100,125,80,75
937,Ceruledge,Ceruledge,,Fire,Ghost,75,125,80,60,100,85
938,Tadbulb,Tadbulb,,Electric,,61,31,41,59,35,45
939,Bellibolt,Bellibolt,,Electric,,109,64,91,103,83,45
940,Wattrel,Wattrel,,Electric,Flying,40,40,35,55,40,70
941,Kilowattrel,Kilowattrel,,Electric,Flying,70,70,60,105,60,125
942,Maschiff,Maschiff,,Dark,,60,78,60,40,51,51
943,Mabosstiff,Mabosstiff,,Dark,,80,120,90,60,70,85
944,Shroodle,Shroodle,,Poison,Normal,40,65,35,40,35,75
945,Grafaiai,Grafaiai,,Poison,Normal,63,95,65,80,72,110
946,Bramblin,Bramblin,,Grass,Ghost,40,65,30,45,35,60
947,Brambleghast,Brambleghast,,Grass,Ghost,55,115,70,80,70,90
948,Toedscool,Toedscool,,Ground,Grass,40,40,35,50,100,70
949,Toedscruel,Toedscruel,,Ground,Grass,80,70,65,80,120,100
950,Klawf,Klawf,,Rock,,70,100,115,35,55,75
951,Capsakid,Capsakid,,Grass,,50,62,40,62,40,50
952,Scovillain,Scovillain,,Grass,Fire,65,108,65,108,65,75
953,Rellor,Rellor,,Bug,,41,50,60,31,58,30
954,Rabsca,Rabsca,,Bug,Psychic,75,50,85,115,100,45
955,Flittle,Flittle,,Psychic,,30,35,30,55,30,75
956,Espathra,Espathra,,Psychic,,95,60,60,101,60,105
957,Tinkatink,Tinkatink,,Fairy,Steel,50,45,45,35,64,58
958,Tinkatuff,Tinkatuff,,Fairy,Steel,65,55,55,45,82,78
959,Tinkaton,Tinkaton,,Fairy,Steel,85,75,77,70,105,94
960,Wiglett,Wiglett,,Water,,10,55,25,35,25,95
961,Wugtrio,Wugtrio,,Water,,35,100,50,50,70,120
962,Bombirdier,Bombirdier,,Flying,Dark,70,103,85,60,85,82
963,Finizen,Finizen,,Water,,70,45,40,45,40,75
964,Palafin,Palafin-Zero,Zero,Water,,100,70,72,53,62,100
964,Palafin,Palafin-Hero,Hero,Water,,100,160,97,106,87,100
965,Varoom,Varoom,,Steel,Poison,45,70,63,30,45,47
966,Revavroom,Revavroom,,Steel,Poison,80,119,90,54,67,90
967,Cyclizar,Cyclizar,,Dragon,Normal,70,95,65,85,65,121
968,Orthworm,Orthworm,,Steel,,70,85,145,60,55,65
969,Glimmet,Glimmet,,Rock,Poison,48,35,42,105,60,60
970,Glimmora,Glimmora,,Rock,Poison,83,55,90,130,81,86
971,Greavard,Greavard,,Ghost,,50,61,60,30,55,34
972,Houndstone,Houndstone,,Ghost,,72,101,100,50,97,68
973,Flamigo,Flamigo,,Flying,Fighting,82,115,74,75,64,90
974,Cetoddle,Cetoddle,,Ice,,108,68,45,30,40,43
975,Cetitan,Cetitan,,Ice,,170,113,65,45,55,73
976,Veluza,Veluza,,Water,Psychic,90,102,73,78,65,70
977,Dondozo,Dondozo,,Water,,150,100,115,65,65,35
978,Tatsugiri,Tatsugiri-Curly,Curly,Dragon,Water,68,50,60,120,95,82
978,Tatsugiri,Tatsugiri-Droopy,Droopy,Dragon,Water,68,50,60,120,95,82
978,Tatsugiri,Tatsugiri-Stretchy,Stretchy,Dragon,Water,68,50,60,120,95,82
979,Annihilape,Annihilape,,Fighting,Ghost,110,115,80,50,90,90
980,Clodsire,Clodsire,,Poison,Ground,130,75,60,45,100,20
981,Farigiraf,Farigiraf,,Normal,Psychic,120,90,70,110,70,60
982,Dudunsparce,Dudunsparce-TwoSegment,TwoSegment,Normal,,125,100,80,85,75,55
982,Dudunsparce,Dudunsparce-ThreeSegment,ThreeSegment,Normal,,125,100,80,85,75,55
983,Kingambit,Kingambit,,Dark,Steel,100,135,120,60,85,50
984,Great Tusk,Great Tusk,,Ground,Fighting,115,131,131,53,53,87
985,Scream Tail,Scream Tail,,Fairy,Psychic,115,65,99,65,115,111
986,Brute Bonnet,Brute Bonnet,,Grass,Dark,111,127,99,79,99,55
987,Flutter Mane,Flutter Mane,,Ghost,Fairy,55,55,55,135,135,135
988,Slither Wing,Slither Wing,,Bug,Fighting,85,135,79,85,105,81
989,Sandy Shocks,Sandy Shocks,,Electric,Ground,85,81,97,121,85,101
990,Iron Treads,Iron Treads,,Ground,Steel,90,112,120,72,70,106
991,Iron Bundle,Iron Bundle,,Ice,Water,56,80,114,124,60,136
992,Iron Hands,Iron Hands,,Fighting,Electric,154,140,108,50,68,50
993,Iron Jugulis,Iron Jugulis,,Dark,Flying,94,80,86,122,80,108
994,Iron Moth,Iron Moth,,Fire,Poison,80,70,60,140,110,110
995,Iron Thorns,Iron Thorns,,Rock,Electric,100,134,110,70,84,72
996,Frigibax,Frigibax,,Dragon,Ice,65,75,45,35,45,55
997,Arctibax,Arctibax,,Dragon,Ice,90,95,66,45,65,62
998,Baxcalibur,Baxcalibur,,Dragon,Ice,115,145,92,75,86,87
999,Gimmighoul,Gimmighoul-Chest,Chest,Ghost,,45,30,70,75,70,10
999,Gimmighoul,Gimmighoul-Roaming,Roaming,Ghost,,45,30,25,75,45,80
1000,Gholdengo,Gholdengo,,Steel,Ghost,87,60,95,133,91,84
1001,Wo-Chien,Wo-Chien,,Dark,Grass,85,85,100,95,135,70
1002,Chien-Pao,Chien-Pao,,Dark,Ice,80,120,80,90,65,135
1003,Ting-Lu,Ting-Lu,,Dark,Ground,155,110,125,55,80,45
1004,Chi-Yu,Chi-Yu,,Dark,Fire,55,80,80,135,120,100
1005,Roaring Moon,Roaring Moon,,Dragon,Dark,105,139,71,55,101,119
1006,Iron Valiant,Iron Valiant,,Fairy,Fighting,74,130,90,120,60,116
1007,Koraidon,Koraidon,,Fighting,Dragon,100,135,115,85,100,135
1008,Miraidon,Miraidon,,Electric,Dragon,100,85,100,135,115,135
1009,Walking Wake,Walking Wake,,Water,Dragon,99,83,91,125,83,109
1010,Iron Leaves,Iron Leaves,,Grass,Psychic,90,130,88,70,108,104
1011,Dipplin,Dipplin,,Grass,Dragon,80,80,110,95,80,40
1012,Poltchageist,Poltchageist,,Grass,Ghost,40,45,45,74,54,50
1013,Sinistcha,Sinistcha,,Grass,Ghost,71,60,106,121,80,70
1014,Okidogi,Okidogi,,Poison,Fighting,88,128,115,58,86,80
1015,Munkidori,Munkidori,,Poison,Psychic,88,75,66,130,90,106
1016,Fezandipiti,Fezandipiti,,Poison,Fairy,88,91,82,70,125,99
1017,Ogerpon,Ogerpon-Teal,Teal,Grass,,80,120,84,60,96,110
1017,Ogerpon,Ogerpon-Wellspring,Wellspring,Grass,Water,80,120,84,60,96,110
1017,Ogerpon,Ogerpon-Hearthflame,Hearthflame,Grass,Fire,80,120,84,60,96,110
1017,Ogerpon,Ogerpon-Cornerstone,Cornerstone,Grass,Rock,80,120,84,60,96,110
1018,Archaludon,Archaludon,,Steel,Dragon,90,105,130,125,65,85
1019,Hydrapple,Hydrapple,,Grass,Dragon,106,80,110,120,80,44
1020,Gouging Fire,Gouging Fire,,Fire,Dragon,105,115,121,65,93,91
1021,Raging Bolt,Raging Bolt,,Electric,Dragon,125,73,91,137,89,75
1022,Iron Boulder,Iron Boulder,,Rock,Psychic,90,120,80,68,108,124
1023,Iron Crown,Iron Crown,,Steel,Psychic,90,72,100,122,108,98
1024,Terapagos,Terapagos-Normal,Normal,Normal,,90,65,85,65,85,60
1024,Terapagos,Terapagos-Terastal,Terastal,Normal,,95,95,110,105,110,85
1024,Terapagos,Terapagos-Stellar,Stellar,Normal,,160,105,110,130,110,85
1025,Pecharunt,Pecharunt,,Poison,Ghost,88,88,160,88,88,88